,date,period,demand_mw,bid_price,cumulative_bid_volumn
0,2023-01-01,1,5539.761,155.57,5562.3
1,2023-01-01,2,5443.353,129.2,5447.600000000001
2,2023-01-01,3,5384.523,121.7,5394.400000000001
3,2023-01-01,4,5367.272,125.77,5378.2
4,2023-01-01,5,5331.369,125.77,5347.0
5,2023-01-01,6,5289.506,121.7,5300.8
6,2023-01-01,7,5232.943,105.77,5247.8
7,2023-01-01,8,5196.736,105.77,5236.6
8,2023-01-01,9,5173.397,105.57,5177.2
9,2023-01-01,10,5180.256,105.77,5219.8
10,2023-01-01,11,5213.411,105.77,5220.400000000001
11,2023-01-01,12,5258.215,107.2,5262.1
12,2023-01-01,13,5324.033,108.24,5328.2
13,2023-01-01,14,5358.947,108.24,5363.7
14,2023-01-01,15,5383.39,119.2,5388.2
15,2023-01-01,16,5457.989,129.2,5468.1
16,2023-01-01,17,5548.493,129.2,5555.1
17,2023-01-01,18,5605.032,146.8,5610.400000000001
18,2023-01-01,19,5658.559,155.67,5667.6
19,2023-01-01,20,5727.006,148.2,5727.1
20,2023-01-01,21,5768.639,150.0,5775.500000000001
21,2023-01-01,22,5775.15,149.6,5783.600000000001
22,2023-01-01,23,5773.614,129.2,5781.6
23,2023-01-01,24,5734.585,124.6,5735.7
24,2023-01-01,25,5701.534,116.01,5710.700000000001
25,2023-01-01,26,5634.365,116.01,5693.700000000001
26,2023-01-01,27,5612.228,114.55,5622.2
27,2023-01-01,28,5633.684,114.55,5646.0
28,2023-01-01,29,5684.746,114.55,5720.6
29,2023-01-01,30,5676.983,114.55,5711.2
30,2023-01-01,31,5684.224,114.55,5716.7
31,2023-01-01,32,5732.04,120.79,5732.1
32,2023-01-01,33,5780.731,125.67,5782.1
33,2023-01-01,34,5788.932,125.67,5799.4
34,2023-01-01,35,5823.578,128.9,5830.500000000001
35,2023-01-01,36,5848.115,129.2,5849.799999999999
36,2023-01-01,37,5906.353,156.6,5910.599999999999
37,2023-01-01,38,5998.994,179.2,6013.300000000001
38,2023-01-01,39,6061.238,226.0,6064.2
39,2023-01-01,40,6086.461,226.0,6089.1
40,2023-01-01,41,6101.376,227.4,6108.099999999999
41,2023-01-01,42,6087.211,226.0,6094.000000000001
42,2023-01-01,43,6060.483,227.4,6077.600000000002
43,2023-01-01,44,5969.407,191.0,5988.9000000000015
44,2023-01-01,45,5864.023,155.77,5881.3
45,2023-01-01,46,5783.266,155.77,5810.900000000001
46,2023-01-01,47,5694.964,135.0,5695.7
47,2023-01-01,48,5632.084,125.67,5638.5
48,2023-01-02,1,5587.915,179.2,5604.1
49,2023-01-02,2,5516.119,177.5,5519.5
50,2023-01-02,3,5440.271,153.67,5443.7
51,2023-01-02,4,5345.528,123.77,5349.7
52,2023-01-02,5,5270.466,119.3,5278.5
53,2023-01-02,6,5198.068,105.42,5217.3
54,2023-01-02,7,5152.826,103.67,5169.3
55,2023-01-02,8,5131.749,103.57,5133.1
56,2023-01-02,9,5126.237,103.57,5128.700000000001
57,2023-01-02,10,5153.646,103.77,5166.3
58,2023-01-02,11,5177.478,105.42,5186.9
59,2023-01-02,12,5241.963,119.3,5259.099999999999
60,2023-01-02,13,5307.776,119.3,5320.2
61,2023-01-02,14,5346.393,119.2,5355.6
62,2023-01-02,15,5393.509,123.77,5410.1
63,2023-01-02,16,5467.422,143.3,5470.000000000001
64,2023-01-02,17,5576.39,153.67,5587.1
65,2023-01-02,18,5642.287,160.9,5652.400000000001
66,2023-01-02,19,5707.806,176.0,5714.599999999999
67,2023-01-02,20,5758.336,161.7,5759.1
68,2023-01-02,21,5804.607,166.9,5807.599999999999
69,2023-01-02,22,5819.895,162.5,5820.600000000001
70,2023-01-02,23,5822.753,153.67,5833.699999999999
71,2023-01-02,24,5801.461,153.67,5816.0
72,2023-01-02,25,5729.535,121.7,5745.6
73,2023-01-02,26,5686.083,116.01,5688.599999999999
74,2023-01-02,27,5690.864,119.2,5697.2
75,2023-01-02,28,5739.719,121.7,5741.0
76,2023-01-02,29,5774.166,126.9,5775.5
77,2023-01-02,30,5777.307,129.2,5784.3
78,2023-01-02,31,5843.97,153.67,5854.8
79,2023-01-02,32,5902.481,168.2,5903.2
80,2023-01-02,33,5979.591,196.8,5983.0
81,2023-01-02,34,6005.082,200.0,6016.799999999999
82,2023-01-02,35,6060.418,229.2,6069.9
83,2023-01-02,36,6068.3,229.2,6080.3
84,2023-01-02,37,6150.047,233.77,6180.199999999998
85,2023-01-02,38,6247.871,233.77,6256.100000000001
86,2023-01-02,39,6299.748,250.0,6320.800000000001
87,2023-01-02,40,6314.002,250.0,6319.200000000001
88,2023-01-02,41,6306.095,250.0,6321.900000000001
89,2023-01-02,42,6257.787,244.4,6258.000000000001
90,2023-01-02,43,6199.797,325.2,6203.600000000001
91,2023-01-02,44,6145.952,259.3,6148.2
92,2023-01-02,45,6055.299,233.77,6087.8
93,2023-01-02,46,5974.526,230.0,5978.3
94,2023-01-02,47,5825.093,189.2,5829.300000000001
95,2023-01-02,48,5733.367,160.9,5734.8
96,2023-01-03,1,5609.888,112.69,5630.7
97,2023-01-03,2,5491.015,111.82,5494.400000000001
98,2023-01-03,3,5412.166,112.49,5414.400000000001
99,2023-01-03,4,5341.299,111.82,5392.1
100,2023-01-03,5,5269.676,107.0,5274.1
101,2023-01-03,6,5230.368,104.77,5236.1
102,2023-01-03,7,5191.801,104.87,5209.5
103,2023-01-03,8,5179.669,104.77,5195.1
104,2023-01-03,9,5173.939,104.67,5182.900000000001
105,2023-01-03,10,5192.895,104.77,5205.299999999999
106,2023-01-03,11,5292.98,111.82,5330.300000000001
107,2023-01-03,12,5458.735,119.2,5460.900000000001
108,2023-01-03,13,5649.101,133.35,5658.3
109,2023-01-03,14,5820.173,175.02,5824.999999999998
110,2023-01-03,15,6003.83,193.87,6004.700000000001
111,2023-01-03,16,6238.359,254.61,6242.700000000001
112,2023-01-03,17,6461.467,230.0,6521.000000000001
113,2023-01-03,18,6592.536,279.2,6592.899999999998
114,2023-01-03,19,6667.449,230.0,6671.599999999999
115,2023-01-03,20,6720.026,250.0,6774.2
116,2023-01-03,21,6745.105,250.0,6804.1
117,2023-01-03,22,6745.577,250.0,6826.799999999999
118,2023-01-03,23,6729.469,250.0,6823.099999999999
119,2023-01-03,24,6680.421,230.0,6710.6
120,2023-01-03,25,6636.257,230.0,6699.3
121,2023-01-03,26,6644.994,230.0,6699.300000000001
122,2023-01-03,27,6736.805,250.0,6812.1
123,2023-01-03,28,6747.197,250.0,6821.0
124,2023-01-03,29,6755.796,250.0,6824.4
125,2023-01-03,30,6784.174,250.0,6825.1
126,2023-01-03,31,6821.802,250.0,6822.599999999999
127,2023-01-03,32,6866.726,290.34,6870.8
128,2023-01-03,33,6864.052,280.0,6870.6
129,2023-01-03,34,6893.688,302.5,6894.100000000001
130,2023-01-03,35,6839.595,265.87,6858.5
131,2023-01-03,36,6749.673,250.0,6807.199999999999
132,2023-01-03,37,6697.492,230.0,6705.6
133,2023-01-03,38,6689.864,230.0,6697.899999999999
134,2023-01-03,39,6691.553,230.0,6693.000000000001
135,2023-01-03,40,6668.105,230.0,6681.500000000001
136,2023-01-03,41,6638.18,230.0,6663.8
137,2023-01-03,42,6600.751,230.0,6648.7
138,2023-01-03,43,6509.517,230.0,6586.5
139,2023-01-03,44,6339.553,215.61,6345.5999999999985
140,2023-01-03,45,6181.169,196.61,6182.600000000001
141,2023-01-03,46,6052.372,155.84,6058.599999999999
142,2023-01-03,47,5909.285,122.05,5911.0
143,2023-01-03,48,5722.791,108.41,5725.0
144,2023-01-04,1,5539.338,103.62,5539.6
145,2023-01-04,2,5440.381,96.82,5447.6
146,2023-01-04,3,5490.692,103.83,5493.400000000001
147,2023-01-04,4,5430.302,99.19,5439.6
148,2023-01-04,5,5387.077,106.0,5388.6
149,2023-01-04,6,5329.097,97.56,5333.6
150,2023-01-04,7,5318.477,102.86,5324.000000000001
151,2023-01-04,8,5308.049,100.0,5308.6
152,2023-01-04,9,5294.486,99.19,5295.4000000000015
153,2023-01-04,10,5313.82,102.86,5314.8
154,2023-01-04,11,5395.01,103.0,5399.799999999999
155,2023-01-04,12,5539.815,109.77,5545.000000000001
156,2023-01-04,13,5722.801,124.67,5724.8
157,2023-01-04,14,5904.574,191.0,5921.399999999998
158,2023-01-04,15,6095.914,226.0,6106.500000000001
159,2023-01-04,16,6295.519,339.25,6309.1
160,2023-01-04,17,6498.24,300.0,6594.400000000001
161,2023-01-04,18,6627.157,300.0,6655.800000000001
162,2023-01-04,19,6701.563,300.0,6729.900000000001
163,2023-01-04,20,6705.687,300.0,6728.6
164,2023-01-04,21,6728.082,300.0,6763.599999999999
165,2023-01-04,22,6713.978,300.0,6775.499999999999
166,2023-01-04,23,6695.753,300.0,6784.799999999999
167,2023-01-04,24,6679.258,300.0,6763.900000000001
168,2023-01-04,25,6637.131,300.0,6755.900000000001
169,2023-01-04,26,6661.982,300.0,6768.9
170,2023-01-04,27,6729.32,300.0,6780.6
171,2023-01-04,28,6742.68,300.0,6803.900000000001
172,2023-01-04,29,6770.199,300.0,6816.8
173,2023-01-04,30,6776.247,300.0,6811.200000000001
174,2023-01-04,31,6791.033,300.0,6817.4
175,2023-01-04,32,6806.485,300.0,6814.699999999999
176,2023-01-04,33,6819.426,300.0,6907.5
177,2023-01-04,34,6805.436,300.0,6909.400000000001
178,2023-01-04,35,6711.828,300.0,6760.1
179,2023-01-04,36,6642.218,300.0,6760.299999999999
180,2023-01-04,37,6636.038,300.0,6772.4
181,2023-01-04,38,6708.093,300.0,6774.3
182,2023-01-04,39,6727.685,300.0,6764.3
183,2023-01-04,40,6709.903,300.0,6754.1
184,2023-01-04,41,6665.575,300.0,6737.8
185,2023-01-04,42,6603.579,265.87,6606.999999999999
186,2023-01-04,43,6537.334,300.0,6660.3
187,2023-01-04,44,6404.943,229.2,6427.8
188,2023-01-04,45,6235.765,179.2,6241.000000000001
189,2023-01-04,46,6088.931,145.82,6096.200000000001
190,2023-01-04,47,5941.61,115.11,5946.5
191,2023-01-04,48,5724.62,97.56,5741.500000000002
192,2023-01-05,1,5530.184,97.56,5561.1
193,2023-01-05,2,5437.985,106.7,5445.1
194,2023-01-05,3,5465.285,109.57,5466.900000000001
195,2023-01-05,4,5408.245,109.57,5425.1
196,2023-01-05,5,5338.312,106.7,5347.1
197,2023-01-05,6,5289.894,103.0,5294.1
198,2023-01-05,7,5271.485,104.0,5272.5
199,2023-01-05,8,5274.214,106.7,5287.1
200,2023-01-05,9,5279.015,106.7,5285.900000000001
201,2023-01-05,10,5300.147,109.57,5313.3
202,2023-01-05,11,5396.714,109.77,5397.799999999999
203,2023-01-05,12,5542.057,109.87,5562.5
204,2023-01-05,13,5730.435,179.2,5736.0999999999985
205,2023-01-05,14,5917.058,227.28,5917.9
206,2023-01-05,15,6115.023,191.0,6120.000000000001
207,2023-01-05,16,6320.593,229.2,6333.0
208,2023-01-05,17,6513.652,250.0,6548.5999999999985
209,2023-01-05,18,6623.151,279.2,6624.1
210,2023-01-05,19,6689.645,280.0,6732.600000000001
211,2023-01-05,20,6724.251,297.87,6743.899999999999
212,2023-01-05,21,6755.423,280.0,6764.5
213,2023-01-05,22,6751.168,280.0,6764.9
214,2023-01-05,23,6725.106,280.0,6766.099999999999
215,2023-01-05,24,6668.368,280.0,6755.3
216,2023-01-05,25,6639.06,279.2,6642.6
217,2023-01-05,26,6619.96,265.87,6644.0
218,2023-01-05,27,6694.356,280.0,6756.900000000001
219,2023-01-05,28,6716.214,280.0,6768.3
220,2023-01-05,29,6780.463,300.0,6790.099999999999
221,2023-01-05,30,6817.997,305.81,6821.700000000001
222,2023-01-05,31,6866.723,369.2,6869.9
223,2023-01-05,32,6864.64,385.81,6869.8
224,2023-01-05,33,6875.409,399.2,6886.3
225,2023-01-05,34,6875.304,399.2,6886.800000000001
226,2023-01-05,35,6826.996,409.2,6831.4000000000015
227,2023-01-05,36,6725.444,300.87,6740.099999999998
228,2023-01-05,37,6645.645,225.81,6647.9
229,2023-01-05,38,6634.786,225.81,6639.599999999999
230,2023-01-05,39,6672.354,240.0,6692.2
231,2023-01-05,40,6658.756,229.2,6672.599999999999
232,2023-01-05,41,6637.331,240.0,6664.4
233,2023-01-05,42,6590.483,225.81,6595.8
234,2023-01-05,43,6518.99,220.0,6535.1
235,2023-01-05,44,6389.472,205.87,6394.400000000001
236,2023-01-05,45,6224.537,200.0,6256.200000000001
237,2023-01-05,46,6089.463,200.0,6161.500000000001
238,2023-01-05,47,5942.758,155.36,5943.800000000001
239,2023-01-05,48,5830.232,123.26,5837.1
240,2023-01-06,1,5730.062,179.2,5731.5
241,2023-01-06,2,5614.047,140.2,5622.099999999999
242,2023-01-06,3,5498.231,117.8,5502.9
243,2023-01-06,4,5441.504,119.2,5445.1
244,2023-01-06,5,5395.402,117.8,5407.1
245,2023-01-06,6,5350.031,106.68,5354.1
246,2023-01-06,7,5319.008,115.1,5322.5
247,2023-01-06,8,5287.036,106.68,5297.1
248,2023-01-06,9,5276.177,106.68,5290.900000000001
249,2023-01-06,10,5320.007,115.1,5323.3
250,2023-01-06,11,5430.893,137.2,5435.100000000001
251,2023-01-06,12,5607.726,191.8,5609.5999999999985
252,2023-01-06,13,5804.716,204.67,5813.7
253,2023-01-06,14,5960.884,220.0,6046.999999999999
254,2023-01-06,15,6137.88,229.2,6157.200000000001
255,2023-01-06,16,6326.666,229.2,6327.200000000001
256,2023-01-06,17,6494.413,250.0,6543.999999999999
257,2023-01-06,18,6595.21,250.0,6596.200000000001
258,2023-01-06,19,6660.521,279.2,6666.9
259,2023-01-06,20,6700.509,298.87,6709.4
260,2023-01-06,21,6698.655,250.0,6707.6
261,2023-01-06,22,6678.994,250.0,6706.300000000001
262,2023-01-06,23,6647.291,250.0,6706.299999999999
263,2023-01-06,24,6651.629,250.0,6703.500000000001
264,2023-01-06,25,6611.308,250.0,6681.599999999999
265,2023-01-06,26,6644.348,250.0,6679.7
266,2023-01-06,27,6713.382,268.0,6714.3
267,2023-01-06,28,6803.011,300.0,6864.800000000001
268,2023-01-06,29,6814.496,300.0,6844.7
269,2023-01-06,30,6792.814,300.0,6847.799999999999
270,2023-01-06,31,6798.162,300.0,6853.999999999999
271,2023-01-06,32,6798.266,300.0,6853.399999999999
272,2023-01-06,33,6786.154,299.0,6789.3
273,2023-01-06,34,6773.449,298.67,6777.400000000001
274,2023-01-06,35,6811.455,300.0,6841.700000000001
275,2023-01-06,36,6814.635,300.0,6817.699999999999
276,2023-01-06,37,6811.887,300.0,6827.999999999999
277,2023-01-06,38,6800.854,300.0,6831.500000000001
278,2023-01-06,39,6801.788,350.57,6808.3
279,2023-01-06,40,6758.45,721.0,6768.600000000002
280,2023-01-06,41,6737.163,516.0,6742.2
281,2023-01-06,42,6705.504,302.0,6707.999999999999
282,2023-01-06,43,6598.361,300.0,6649.000000000002
283,2023-01-06,44,6436.751,250.0,6468.199999999998
284,2023-01-06,45,6268.467,250.0,6302.1
285,2023-01-06,46,6139.292,229.2,6149.699999999999
286,2023-01-06,47,6015.435,242.2,6024.800000000002
287,2023-01-06,48,5945.094,237.3,5962.100000000001
288,2023-01-07,1,5856.658,277.47,5858.099999999999
289,2023-01-07,2,5767.635,229.2,5769.599999999999
290,2023-01-07,3,5652.53,201.24,5652.899999999999
291,2023-01-07,4,5578.755,161.96,5579.199999999999
292,2023-01-07,5,5511.69,160.21,5518.5
293,2023-01-07,6,5459.217,159.2,5462.0
294,2023-01-07,7,5420.004,159.2,5442.0
295,2023-01-07,8,5384.274,155.78,5391.7
296,2023-01-07,9,5372.615,155.78,5390.6
297,2023-01-07,10,5377.451,155.78,5381.199999999999
298,2023-01-07,11,5410.814,159.2,5452.199999999999
299,2023-01-07,12,5480.151,160.21,5499.999999999999
300,2023-01-07,13,5558.359,159.2,5583.799999999999
301,2023-01-07,14,5621.97,160.21,5628.3
302,2023-01-07,15,5703.965,205.67,5709.899999999999
303,2023-01-07,16,5838.498,237.47,5847.0
304,2023-01-07,17,5999.232,243.22,6001.3
305,2023-01-07,18,6080.676,250.0,6161.499999999999
306,2023-01-07,19,6152.582,250.0,6203.900000000001
307,2023-01-07,20,6205.786,250.0,6249.0
308,2023-01-07,21,6235.094,250.0,6315.1
309,2023-01-07,22,6282.264,250.0,6345.000000000001
310,2023-01-07,23,6265.003,246.57,6265.8
311,2023-01-07,24,6227.266,229.2,6241.900000000001
312,2023-01-07,25,6155.603,189.26,6157.0
313,2023-01-07,26,6162.875,191.0,6165.099999999999
314,2023-01-07,28,6136.509,179.2,6142.900000000001
315,2023-01-07,29,6148.988,164.5,6150.9
316,2023-01-07,30,6190.244,198.87,6204.599999999999
317,2023-01-07,31,6187.014,198.87,6198.900000000001
318,2023-01-07,32,6140.102,179.2,6147.2
319,2023-01-07,33,6137.518,179.2,6161.2
320,2023-01-07,34,6212.57,205.67,6220.8
321,2023-01-07,35,6273.04,229.2,6292.9
322,2023-01-07,36,6289.207,229.2,6289.7
323,2023-01-07,37,6336.248,250.0,6425.199999999999
324,2023-01-07,38,6381.063,250.0,6419.100000000001
325,2023-01-07,39,6412.398,250.0,6487.6
326,2023-01-07,40,6406.221,250.0,6498.8
327,2023-01-07,41,6417.254,229.2,6422.9
328,2023-01-07,42,6419.053,229.2,6424.400000000001
329,2023-01-07,43,6380.834,216.59,6383.1
330,2023-01-07,44,6278.566,246.57,6291.9
331,2023-01-07,45,6150.937,216.59,6155.1
332,2023-01-07,46,6063.127,200.87,6079.800000000001
333,2023-01-07,47,5969.462,200.77,5992.0
334,2023-01-07,48,5837.19,161.24,5844.7
335,2023-01-08,1,5700.848,198.1,5705.7
336,2023-01-08,2,5600.892,179.2,5624.599999999999
337,2023-01-08,3,5575.028,205.67,5580.0
338,2023-01-08,4,5479.932,198.2,5480.6
339,2023-01-08,5,5413.334,201.3,5420.2
340,2023-01-08,6,5338.217,179.2,5361.8
341,2023-01-08,7,5264.413,153.0,5266.1
342,2023-01-08,8,5237.466,137.5,5245.000000000001
343,2023-01-08,9,5241.934,137.5,5245.5
344,2023-01-08,10,5254.841,140.8,5258.400000000001
345,2023-01-08,11,5289.974,159.2,5308.099999999999
346,2023-01-08,12,5347.337,184.0,5347.7
347,2023-01-08,13,5405.571,106.9,5420.099999999999
348,2023-01-08,14,5451.2,111.0,5455.600000000001
349,2023-01-08,15,5478.476,119.2,5480.1
350,2023-01-08,16,5547.708,129.2,5550.0
351,2023-01-08,17,5635.543,140.6,5637.0
352,2023-01-08,18,5695.207,159.2,5722.400000000001
353,2023-01-08,19,5725.977,139.0,5733.5
354,2023-01-08,20,5747.323,139.0,5763.0
355,2023-01-08,21,5794.831,139.6,5801.500000000001
356,2023-01-08,22,5831.813,144.0,5834.5
357,2023-01-08,23,5806.58,124.4,5807.599999999999
358,2023-01-08,24,5786.019,123.3,5795.6
359,2023-01-08,25,5767.879,119.2,5772.6
360,2023-01-08,26,5795.925,129.2,5806.0
361,2023-01-08,27,5822.146,140.8,5824.400000000001
362,2023-01-08,28,5796.62,129.2,5803.1
363,2023-01-08,29,5812.241,129.2,5812.299999999999
364,2023-01-08,30,5836.256,142.63,5841.1
365,2023-01-08,31,5862.016,159.2,5906.1
366,2023-01-08,32,5905.811,159.2,5909.099999999999
367,2023-01-08,33,5928.892,179.2,5951.8
368,2023-01-08,34,5973.468,189.2,5977.900000000001
369,2023-01-08,35,5999.451,191.0,6001.700000000001
370,2023-01-08,36,6045.443,205.67,6062.3
371,2023-01-08,37,6104.606,229.2,6114.099999999999
372,2023-01-08,38,6203.037,289.77,6210.200000000001
373,2023-01-08,39,6292.507,358.87,6295.200000000001
374,2023-01-08,40,6324.941,375.2,6328.600000000001
375,2023-01-08,41,6352.222,439.0,6353.0
376,2023-01-08,42,6364.706,450.0,6370.199999999999
377,2023-01-08,43,6342.366,500.0,6363.399999999999
378,2023-01-08,44,6273.323,434.0,6281.499999999999
379,2023-01-08,45,6166.234,349.2,6174.099999999999
380,2023-01-08,46,6082.341,289.67,6085.399999999999
381,2023-01-08,47,5984.894,275.5,5988.800000000001
382,2023-01-08,48,5870.47,205.67,5875.8
383,2023-01-09,1,5748.953,191.0,5753.8
384,2023-01-09,2,5637.546,179.2,5646.2
385,2023-01-09,3,5562.956,151.0,5566.700000000001
386,2023-01-09,4,5489.668,124.07,5493.1
387,2023-01-09,5,5421.534,120.21,5425.1
388,2023-01-09,6,5387.53,120.21,5402.1
389,2023-01-09,7,5348.734,120.21,5365.5
390,2023-01-09,8,5342.238,104.87,5344.1
391,2023-01-09,9,5330.161,120.48,5348.5
392,2023-01-09,10,5335.484,119.2,5336.3
393,2023-01-09,11,5441.892,144.0,5444.900000000001
394,2023-01-09,12,5608.486,180.48,5617.099999999999
395,2023-01-09,13,5817.504,250.0,5847.099999999999
396,2023-01-09,14,6026.746,404.07,6030.699999999999
397,2023-01-09,15,6232.246,410.48,6247.200000000001
398,2023-01-09,16,6459.126,750.0,6468.6
399,2023-01-09,17,6664.159,890.0,6685.5999999999985
400,2023-01-09,18,6795.908,900.0,6809.6
401,2023-01-09,19,6874.514,1100.0,6889.6
402,2023-01-09,20,6880.405,1100.0,6889.599999999999
403,2023-01-09,21,6897.944,900.0,6911.600000000001
404,2023-01-09,22,6871.752,1100.0,6901.600000000001
405,2023-01-09,23,6850.469,900.0,6884.5999999999985
406,2023-01-09,24,6809.745,880.0,6813.000000000001
407,2023-01-09,25,6749.295,750.0,6769.9000000000015
408,2023-01-09,26,6762.803,750.0,6770.6
409,2023-01-09,27,6815.083,882.0,6820.099999999999
410,2023-01-09,28,6875.235,890.0,6889.6
411,2023-01-09,29,6925.352,900.0,6934.599999999999
412,2023-01-09,30,6872.769,890.0,6918.599999999999
413,2023-01-09,31,6878.917,890.0,6918.6
414,2023-01-09,32,6876.86,890.0,6919.6
415,2023-01-09,33,6875.602,890.0,6919.6
416,2023-01-09,34,6880.587,890.0,6925.599999999999
417,2023-01-09,35,6881.074,890.0,6934.600000000001
418,2023-01-09,36,6829.436,750.0,6855.6
419,2023-01-09,37,6773.643,650.0,6787.5
420,2023-01-09,38,6835.683,890.0,6880.6
421,2023-01-09,39,6855.663,890.0,6865.600000000001
422,2023-01-09,40,6828.059,3101.0,6843.700000000001
423,2023-01-09,41,6777.41,1100.0,6781.299999999998
424,2023-01-09,42,6708.814,900.0,6746.299999999999
425,2023-01-09,43,6649.09,822.46,6654.3
426,2023-01-09,44,6518.21,3101.0,6527.7
427,2023-01-09,45,6364.03,410.48,6375.900000000001
428,2023-01-09,46,6211.337,330.48,6215.3
429,2023-01-09,47,6067.316,250.0,6078.6
430,2023-01-09,48,5939.558,191.0,5956.000000000001
431,2023-01-10,1,5804.279,207.44,5808.700000000001
432,2023-01-10,2,5698.269,199.67,5702.499999999999
433,2023-01-10,3,5649.563,199.87,5679.3
434,2023-01-10,4,5588.576,179.2,5595.1
435,2023-01-10,5,5530.77,134.7,5534.6
436,2023-01-10,6,5491.393,186.9,5492.300000000001
437,2023-01-10,7,5471.07,186.9,5471.9
438,2023-01-10,8,5500.14,191.0,5500.500000000001
439,2023-01-10,9,5494.892,179.2,5497.400000000001
440,2023-01-10,10,5496.005,119.87,5497.700000000001
441,2023-01-10,11,5579.725,119.2,5582.2
442,2023-01-10,12,5751.905,189.2,5753.8
443,2023-01-10,13,5946.232,199.67,5949.200000000001
444,2023-01-10,14,6129.074,199.87,6141.1
445,2023-01-10,15,6320.513,200.0,6328.4
446,2023-01-10,16,6545.694,319.5,6548.3
447,2023-01-10,17,6732.382,328.0,6742.6
448,2023-01-10,18,6822.518,387.0,6832.7
449,2023-01-10,19,6855.553,306.24,6867.000000000001
450,2023-01-10,20,6937.966,387.0,6942.7
451,2023-01-10,21,6977.607,305.42,6994.0
452,2023-01-10,22,6960.624,299.67,6971.200000000001
453,2023-01-10,23,6942.18,305.42,6957.5
454,2023-01-10,24,6913.384,299.87,6915.099999999999
455,2023-01-10,25,6853.844,299.87,6883.400000000001
456,2023-01-10,26,6879.211,299.87,6893.2
457,2023-01-10,27,6948.477,306.24,6973.3
458,2023-01-10,28,6935.342,299.97,6942.5
459,2023-01-10,29,6928.632,299.67,6933.700000000001
460,2023-01-10,30,6935.521,299.87,6961.400000000001
461,2023-01-10,31,7004.35,306.24,7012.200000000001
462,2023-01-10,32,7019.439,306.24,7029.500000000001
463,2023-01-10,33,6986.493,299.97,6994.400000000001
464,2023-01-10,34,6965.5,299.87,6994.5
465,2023-01-10,35,6876.552,280.0,6901.900000000001
466,2023-01-10,36,6825.659,250.0,6832.3
467,2023-01-10,37,6818.706,279.9,6822.9
468,2023-01-10,38,6833.884,280.0,6859.300000000001
469,2023-01-10,39,6833.283,280.0,6856.6
470,2023-01-10,40,6809.715,280.0,6835.8
471,2023-01-10,41,6792.907,280.0,6802.7
472,2023-01-10,42,6741.691,275.0,6746.800000000001
473,2023-01-10,43,6673.552,250.0,6753.0
474,2023-01-10,44,6537.97,248.0,6546.500000000001
475,2023-01-10,45,6400.967,238.0,6404.900000000001
476,2023-01-10,46,6313.709,250.0,6319.8
477,2023-01-10,47,6245.362,250.0,6288.8
478,2023-01-10,48,6166.592,250.0,6238.1
479,2023-01-11,1,6062.217,238.0,6074.5
480,2023-01-11,2,5947.589,200.0,5956.5
481,2023-01-11,3,5846.425,199.67,5854.1
482,2023-01-11,4,5751.423,167.26,5754.1
483,2023-01-11,5,5704.352,149.83,5714.1
484,2023-01-11,6,5672.211,145.0,5674.1
485,2023-01-11,7,5610.628,123.01,5614.1
486,2023-01-11,8,5533.27,108.24,5544.1
487,2023-01-11,9,5489.738,105.97,5504.1
488,2023-01-11,10,5542.628,115.51,5544.1
489,2023-01-11,11,5656.968,145.0,5680.5
490,2023-01-11,12,5821.679,199.67,5825.500000000001
491,2023-01-11,13,5948.061,199.87,5962.700000000001
492,2023-01-11,14,6107.618,200.0,6143.1
493,2023-01-11,15,6329.071,210.0,6335.300000000001
494,2023-01-11,16,6555.385,280.18,6559.900000000001
495,2023-01-11,17,6687.1,250.0,6723.1
496,2023-01-11,18,6791.937,298.0,6798.9
497,2023-01-11,19,6840.281,299.57,6864.900000000001
498,2023-01-11,20,6872.337,299.57,6878.1
499,2023-01-11,21,6909.592,280.0,6916.5
500,2023-01-11,22,6930.451,298.0,6932.300000000001
501,2023-01-11,23,6958.626,299.67,6962.7
502,2023-01-11,24,6960.853,299.67,6980.7
503,2023-01-11,25,6948.184,299.67,6948.900000000001
504,2023-01-11,26,6923.637,299.67,6941.700000000001
505,2023-01-11,27,6952.449,299.67,6966.7
506,2023-01-11,28,6957.672,299.67,6976.3
507,2023-01-11,29,6924.92,280.0,6933.1
508,2023-01-11,30,6874.718,250.0,6902.1
509,2023-01-11,31,6845.216,248.0,6853.3
510,2023-01-11,32,6817.011,210.0,6824.500000000001
511,2023-01-11,33,6775.641,200.0,6800.300000000001
512,2023-01-11,34,6799.114,206.88,6813.3
513,2023-01-11,35,6797.643,206.88,6806.900000000001
514,2023-01-11,36,6754.767,200.0,6792.700000000001
515,2023-01-11,37,6688.899,200.0,6748.3
516,2023-01-11,38,6712.273,200.0,6759.700000000001
517,2023-01-11,39,6747.625,206.88,6761.5
518,2023-01-11,40,6720.235,200.0,6736.900000000001
519,2023-01-11,41,6685.545,200.0,6697.7
520,2023-01-11,42,6646.53,200.0,6688.1
521,2023-01-11,43,6568.238,200.05,6575.900000000001
522,2023-01-11,44,6429.033,199.87,6441.500000000001
523,2023-01-11,45,6281.23,199.87,6290.1
524,2023-01-11,46,6155.41,198.33,6167.700000000001
525,2023-01-11,47,6073.206,191.0,6077.1
526,2023-01-11,48,6017.318,197.54,6017.5
527,2023-01-12,1,5934.19,191.0,5940.3
528,2023-01-12,2,5841.514,165.0,5845.5
529,2023-01-12,3,5739.122,140.0,5743.1
530,2023-01-12,4,5632.024,116.7,5648.1
531,2023-01-12,5,5539.194,106.1,5578.1
532,2023-01-12,6,5457.075,99.67,5483.099999999999
533,2023-01-12,7,5398.936,98.1,5418.1
534,2023-01-12,8,5341.572,95.3,5373.100000000001
535,2023-01-12,9,5381.089,98.1,5398.1
536,2023-01-12,10,5405.983,99.57,5433.1
537,2023-01-12,11,5476.463,99.57,5481.1
538,2023-01-12,12,5657.431,119.2,5658.3
539,2023-01-12,13,5874.644,191.0,5890.3
540,2023-01-12,14,6042.268,198.9,6047.5
541,2023-01-12,15,6207.838,199.67,6218.9
542,2023-01-12,16,6415.689,220.0,6418.7
543,2023-01-12,17,6556.066,238.0,6560.3
544,2023-01-12,18,6639.135,250.0,6669.900000000001
545,2023-01-12,19,6698.104,210.0,6698.7
546,2023-01-12,20,6807.936,260.0,6849.5
547,2023-01-12,21,6894.951,290.0,6916.5
548,2023-01-12,22,6912.261,298.0,6916.7
549,2023-01-12,23,6895.984,298.0,6904.9
550,2023-01-12,24,6810.47,260.0,6819.700000000001
551,2023-01-12,25,6712.576,250.0,6749.1
552,2023-01-12,26,6654.512,200.0,6657.700000000001
553,2023-01-12,27,6691.951,223.0,6696.1
554,2023-01-12,28,6790.412,258.0,6791.700000000001
555,2023-01-12,29,6815.386,260.0,6842.3
556,2023-01-12,30,6787.922,250.0,6788.300000000001
557,2023-01-12,31,6843.566,260.0,6844.900000000001
558,2023-01-12,32,6866.86,290.0,6915.1
559,2023-01-12,33,6896.804,290.0,6921.700000000001
560,2023-01-12,34,6889.938,299.87,6905.700000000001
561,2023-01-12,35,6870.714,299.57,6874.3
562,2023-01-12,36,6798.14,290.0,6830.900000000001
563,2023-01-12,37,6775.283,258.0,6780.1
564,2023-01-12,38,6815.609,260.0,6834.700000000001
565,2023-01-12,39,6866.149,290.0,6897.5
566,2023-01-12,40,6861.622,290.0,6877.900000000001
567,2023-01-12,41,6818.333,290.0,6853.700000000001
568,2023-01-12,42,6778.663,288.0,6782.7
569,2023-01-12,43,6701.17,290.0,6724.900000000001
570,2023-01-12,44,6576.13,260.0,6606.3
571,2023-01-12,45,6415.763,250.0,6441.1
572,2023-01-12,46,6273.119,220.0,6280.900000000001
573,2023-01-12,47,6140.738,200.0,6153.900000000001
574,2023-01-12,48,5973.289,191.0,5977.500000000001
575,2023-01-13,1,5819.124,145.0,5843.700000000001
576,2023-01-13,2,5711.37,119.57,5726.7
577,2023-01-13,3,5676.212,122.55,5678.099999999999
578,2023-01-13,4,5622.998,113.22,5623.099999999999
579,2023-01-13,5,5566.504,107.0,5568.1
580,2023-01-13,6,5516.65,107.0,5518.099999999999
581,2023-01-13,7,5484.574,106.01,5498.1
582,2023-01-13,8,5468.809,106.01,5498.1
583,2023-01-13,9,5472.293,106.01,5493.1
584,2023-01-13,10,5456.31,106.01,5483.1
585,2023-01-13,11,5541.52,109.74,5550.700000000001
586,2023-01-13,12,5700.138,155.0,5701.3
587,2023-01-13,13,5893.565,185.0,5896.9
588,2023-01-13,14,6082.067,199.87,6102.1
589,2023-01-13,15,6261.867,199.87,6269.3
590,2023-01-13,16,6485.736,248.0,6487.7
591,2023-01-13,17,6684.63,250.0,6685.1
592,2023-01-13,18,6812.25,308.0,6818.1
593,2023-01-13,19,6870.389,299.67,6886.1
594,2023-01-13,20,6907.947,299.67,6921.9
595,2023-01-13,21,6928.438,299.67,6946.300000000001
596,2023-01-13,22,6932.27,299.67,6948.5
597,2023-01-13,23,6929.676,299.67,6944.5
598,2023-01-13,24,6882.918,299.57,6902.700000000001
599,2023-01-13,25,6852.059,299.57,6868.900000000001
600,2023-01-13,26,6839.674,288.0,6854.3
601,2023-01-13,27,6900.278,299.67,6922.1
602,2023-01-13,28,6947.071,299.87,6961.1
603,2023-01-13,29,7011.278,332.5,7023.1
604,2023-01-13,30,7020.329,332.5,7028.9
605,2023-01-13,31,7038.082,338.0,7040.900000000001
606,2023-01-13,32,7044.935,350.0,7086.900000000001
607,2023-01-13,33,7026.966,328.0,7027.900000000001
608,2023-01-13,34,6994.741,350.0,7037.900000000001
609,2023-01-13,35,6919.719,299.87,6924.5
610,2023-01-13,36,6807.722,250.0,6827.3
611,2023-01-13,37,6745.97,299.57,6768.500000000001
612,2023-01-13,38,6729.628,250.0,6791.300000000001
613,2023-01-13,39,6720.002,223.22,6724.500000000001
614,2023-01-13,40,6677.836,200.0,6682.300000000001
615,2023-01-13,41,6638.966,199.97,6639.1
616,2023-01-13,42,6600.458,199.87,6621.500000000001
617,2023-01-13,43,6537.225,220.0,6539.099999999999
618,2023-01-13,44,6429.411,199.67,6430.7
619,2023-01-13,45,6291.473,199.87,6293.7
620,2023-01-13,46,6187.481,199.67,6211.900000000001
621,2023-01-13,47,6072.426,176.0,6079.700000000001
622,2023-01-13,48,5897.069,139.74,5905.3
623,2023-01-14,1,5726.986,124.87,5727.5
624,2023-01-14,2,5621.388,119.9,5630.1
625,2023-01-14,3,5650.04,145.0,5651.1
626,2023-01-14,4,5582.205,124.97,5586.1
627,2023-01-14,5,5514.429,145.0,5536.099999999999
628,2023-01-14,6,5465.295,124.57,5466.1
629,2023-01-14,7,5420.466,118.1,5431.099999999999
630,2023-01-14,8,5376.367,107.0,5386.099999999999
631,2023-01-14,9,5365.781,104.67,5366.1
632,2023-01-14,10,5375.627,115.4,5391.1
633,2023-01-14,11,5424.014,118.1,5436.1
634,2023-01-14,12,5470.653,124.57,5471.1
635,2023-01-14,13,5560.54,124.57,5561.899999999999
636,2023-01-14,14,5636.646,145.0,5645.700000000001
637,2023-01-14,15,5727.607,145.0,5732.1
638,2023-01-14,16,5892.949,185.0,5893.1
639,2023-01-14,17,6076.382,177.5,6081.3
640,2023-01-14,18,6202.997,195.0,6235.700000000001
641,2023-01-14,19,6283.685,200.0,6307.7
642,2023-01-14,20,6347.982,200.0,6364.700000000001
643,2023-01-14,21,6387.499,200.0,6401.700000000001
644,2023-01-14,22,6388.334,200.0,6419.900000000001
645,2023-01-14,23,6380.973,200.0,6434.5
646,2023-01-14,24,6323.53,195.0,6363.900000000001
647,2023-01-14,25,6268.373,191.0,6283.500000000001
648,2023-01-14,26,6239.358,176.0,6239.5
649,2023-01-14,27,6246.803,191.0,6259.5
650,2023-01-14,28,6226.535,175.0,6234.5
651,2023-01-14,29,6223.021,175.0,6225.1
652,2023-01-14,30,6207.605,175.0,6214.900000000001
653,2023-01-14,31,6213.762,177.5,6218.5
654,2023-01-14,32,6218.206,177.5,6219.1
655,2023-01-14,33,6243.538,191.0,6250.900000000001
656,2023-01-14,34,6252.344,191.0,6262.1
657,2023-01-14,35,6273.845,191.9,6275.1
658,2023-01-14,36,6287.935,195.0,6340.300000000001
659,2023-01-14,37,6336.929,195.0,6374.500000000001
660,2023-01-14,38,6392.111,195.0,6397.1
661,2023-01-14,39,6437.293,200.0,6440.1
662,2023-01-14,40,6427.875,195.0,6428.3
663,2023-01-14,41,6418.79,195.0,6430.9
664,2023-01-14,42,6449.614,200.0,6478.3
665,2023-01-14,43,6392.538,195.0,6431.900000000001
666,2023-01-14,44,6276.807,195.0,6331.1
667,2023-01-14,45,6174.549,195.0,6196.1
668,2023-01-14,46,6092.494,195.0,6146.1
669,2023-01-14,47,6005.157,191.0,6018.5
670,2023-01-14,48,5890.857,167.6,5896.1
671,2023-01-15,1,5797.023,165.0,5800.499999999999
672,2023-01-15,2,5739.838,162.3,5741.5999999999985
673,2023-01-15,3,5709.963,165.0,5714.099999999999
674,2023-01-15,4,5599.818,124.97,5601.099999999999
675,2023-01-15,5,5489.743,107.21,5492.099999999999
676,2023-01-15,6,5415.232,107.21,5417.099999999999
677,2023-01-15,7,5358.44,104.57,5362.100000000001
678,2023-01-15,8,5336.294,99.81,5337.099999999999
679,2023-01-15,9,5324.903,95.2,5332.100000000001
680,2023-01-15,10,5333.734,99.81,5337.1
681,2023-01-15,11,5358.589,104.67,5372.100000000001
682,2023-01-15,12,5422.837,112.8,5427.0
683,2023-01-15,13,5492.705,124.87,5495.700000000001
684,2023-01-15,14,5515.87,114.46,5520.600000000001
685,2023-01-15,15,5536.903,107.01,5541.100000000001
686,2023-01-15,16,5613.744,124.57,5624.900000000001
687,2023-01-15,17,5660.492,112.8,5665.1
688,2023-01-15,18,5702.016,112.51,5704.700000000001
689,2023-01-15,19,5805.164,137.38,5805.700000000001
690,2023-01-15,20,5922.401,163.54,5924.400000000001
691,2023-01-15,21,6018.332,188.0,6047.900000000001
692,2023-01-15,22,6029.569,188.0,6071.0
693,2023-01-15,23,5985.739,158.37,6002.500000000001
694,2023-01-15,24,5908.57,124.57,5909.999999999999
695,2023-01-15,25,5853.661,112.01,5861.1
696,2023-01-15,26,5868.715,112.8,5871.2
697,2023-01-15,27,5887.045,124.57,5890.200000000001
698,2023-01-15,28,5932.361,144.19,5932.900000000001
699,2023-01-15,29,5939.563,144.19,5942.3
700,2023-01-15,30,5984.68,162.3,5987.5
701,2023-01-15,31,6001.315,166.06,6007.8
702,2023-01-15,32,5981.32,162.3,5982.1
703,2023-01-15,33,6036.9,185.0,6038.8
704,2023-01-15,34,6086.237,188.0,6115.900000000001
705,2023-01-15,35,6203.688,204.57,6216.200000000001
706,2023-01-15,36,6264.63,204.87,6271.3
707,2023-01-15,37,6328.226,204.97,6329.5
708,2023-01-15,38,6349.737,204.57,6355.0
709,2023-01-15,39,6385.913,204.87,6395.400000000001
710,2023-01-15,40,6437.845,204.97,6440.1
711,2023-01-15,41,6515.516,258.0,6519.2
712,2023-01-15,42,6504.483,258.0,6508.6
713,2023-01-15,43,6471.154,250.0,6483.1
714,2023-01-15,44,6380.456,238.0,6380.6
715,2023-01-15,45,6250.302,204.97,6252.3
716,2023-01-15,46,6090.029,200.0,6113.6
717,2023-01-15,47,5932.078,175.0,5935.6
718,2023-01-15,48,5796.546,140.51,5813.5
719,2023-01-16,1,5685.431,104.57,5707.0
720,2023-01-16,2,5582.12,104.67,5614.8
721,2023-01-16,3,5573.666,105.34,5633.1
722,2023-01-16,4,5504.275,104.57,5523.099999999999
723,2023-01-16,5,5439.262,100.0,5458.100000000001
724,2023-01-16,6,5390.606,96.13,5393.100000000001
725,2023-01-16,7,5372.053,95.9,5383.100000000001
726,2023-01-16,8,5338.371,94.68,5363.1
727,2023-01-16,9,5312.204,94.68,5358.100000000001
728,2023-01-16,10,5332.547,94.68,5353.1
729,2023-01-16,11,5437.851,101.55,5438.099999999999
730,2023-01-16,12,5603.884,104.67,5615.200000000001
731,2023-01-16,13,5809.91,131.83,5812.7
732,2023-01-16,14,6013.074,155.0,6013.700000000001
733,2023-01-16,15,6241.579,200.8,6249.7
734,2023-01-16,16,6467.029,238.0,6468.9
735,2023-01-16,17,6684.178,279.2,6686.9
736,2023-01-16,18,6834.331,321.6,6838.1
737,2023-01-16,19,6905.124,304.67,6923.1
738,2023-01-16,20,6947.951,304.87,6980.7
739,2023-01-16,21,6950.351,304.67,6974.3
740,2023-01-16,22,6935.226,300.0,6940.7
741,2023-01-16,23,6880.825,295.0,6888.7
742,2023-01-16,24,6852.51,288.0,6862.1
743,2023-01-16,25,6819.441,288.0,6833.300000000001
744,2023-01-16,26,6838.243,290.0,6839.9
745,2023-01-16,27,6908.017,300.0,6929.7
746,2023-01-16,28,6913.414,300.0,6947.1
747,2023-01-16,29,6937.742,300.0,6942.7
748,2023-01-16,30,6932.042,300.0,6934.1
749,2023-01-16,31,6955.53,304.57,6974.900000000001
750,2023-01-16,32,6997.704,304.87,7022.7
751,2023-01-16,33,7021.481,304.97,7030.300000000001
752,2023-01-16,34,6980.94,304.67,6989.3
753,2023-01-16,35,6933.597,300.0,6944.3
754,2023-01-16,36,6836.488,250.0,6843.900000000001
755,2023-01-16,37,6800.163,250.0,6813.9
756,2023-01-16,38,6824.451,288.0,6838.9
757,2023-01-16,39,6851.314,300.0,6890.5
758,2023-01-16,40,6824.953,291.1,6825.1
759,2023-01-16,41,6782.922,279.2,6787.9
760,2023-01-16,42,6733.674,250.0,6752.7
761,2023-01-16,43,6655.859,258.0,6665.700000000001
762,2023-01-16,44,6529.382,250.0,6589.1
763,2023-01-16,45,6367.191,238.0,6377.3
764,2023-01-16,46,6227.435,201.2,6230.700000000001
765,2023-01-16,47,6091.868,200.0,6123.1
766,2023-01-16,48,5886.746,124.67,5887.5
767,2023-01-17,1,5690.262,105.34,5695.1
768,2023-01-17,2,5580.53,105.34,5628.700000000001
769,2023-01-17,3,5618.113,118.22,5628.1
770,2023-01-17,4,5551.823,105.34,5558.1
771,2023-01-17,5,5493.301,105.34,5528.1
772,2023-01-17,6,5442.458,105.34,5498.099999999999
773,2023-01-17,7,5403.767,105.07,5428.1
774,2023-01-17,8,5384.637,101.74,5388.099999999999
775,2023-01-17,9,5362.734,96.33,5363.100000000001
776,2023-01-17,10,5376.367,101.74,5378.100000000001
777,2023-01-17,11,5484.45,107.42,5487.900000000001
778,2023-01-17,12,5641.094,132.04,5641.1
779,2023-01-17,13,5824.423,158.22,5832.700000000001
780,2023-01-17,14,5998.656,158.78,6004.500000000001
781,2023-01-17,15,6206.695,191.0,6211.7
782,2023-01-17,16,6420.798,205.48,6421.700000000001
783,2023-01-17,17,6620.388,250.0,6659.900000000001
784,2023-01-17,18,6727.208,280.0,6764.900000000001
785,2023-01-17,19,6778.817,250.0,6789.1
786,2023-01-17,20,6828.407,280.0,6871.1
787,2023-01-17,21,6823.984,250.0,6832.3
788,2023-01-17,22,6810.421,250.0,6843.5
789,2023-01-17,23,6761.61,220.0,6762.0
790,2023-01-17,24,6721.94,210.0,6724.5
791,2023-01-17,25,6626.431,125.35,6626.500000000001
792,2023-01-17,26,6615.761,124.87,6621.5
793,2023-01-17,27,6662.315,138.45,6666.5
794,2023-01-17,28,6716.831,165.0,6720.7
795,2023-01-17,29,6704.674,155.0,6706.9
796,2023-01-17,30,6696.603,115.17,6709.7
797,2023-01-17,31,6733.967,155.0,6735.5
798,2023-01-17,32,6754.136,191.0,6758.900000000001
799,2023-01-17,33,6777.047,191.0,6778.6
800,2023-01-17,34,6797.091,185.0,6797.900000000001
801,2023-01-17,35,6804.313,210.0,6806.1
802,2023-01-17,36,6767.878,185.0,6769.7
803,2023-01-17,37,6745.478,165.0,6750.3
804,2023-01-17,38,6785.551,250.0,6817.7
805,2023-01-17,39,6794.542,280.0,6815.1
806,2023-01-17,40,6772.5,280.0,6809.3
807,2023-01-17,41,6737.108,3101.0,6746.1
808,2023-01-17,42,6678.785,497.0,6685.3
809,2023-01-17,43,6602.108,250.0,6641.5
810,2023-01-17,44,6481.775,205.07,6485.1
811,2023-01-17,45,6336.969,205.17,6433.500000000001
812,2023-01-17,46,6195.821,195.0,6199.300000000001
813,2023-01-17,47,6057.655,158.78,6077.300000000001
814,2023-01-17,48,5891.518,109.88,5896.5
815,2023-01-18,1,5728.516,122.95,5731.0
816,2023-01-18,2,5616.18,118.41,5635.400000000001
817,2023-01-18,3,5599.108,121.79,5602.1
818,2023-01-18,4,5532.047,110.41,5562.1
819,2023-01-18,5,5476.055,108.24,5477.1
820,2023-01-18,6,5412.181,105.07,5432.1
821,2023-01-18,7,5361.805,101.52,5362.100000000001
822,2023-01-18,8,5343.734,99.73,5347.1
823,2023-01-18,9,5339.947,99.73,5342.1
824,2023-01-18,10,5350.707,101.12,5352.1
825,2023-01-18,11,5443.457,105.17,5447.600000000001
826,2023-01-18,12,5604.416,118.41,5607.3
827,2023-01-18,13,5794.006,129.48,5794.400000000001
828,2023-01-18,14,5974.034,134.22,5980.6
829,2023-01-18,15,6170.156,191.0,6177.5
830,2023-01-18,16,6383.354,204.97,6397.900000000001
831,2023-01-18,17,6591.239,206.24,6591.700000000001
832,2023-01-18,18,6711.652,250.0,6755.6
833,2023-01-18,19,6764.662,238.0,6771.1
834,2023-01-18,20,6810.172,250.0,6829.900000000001
835,2023-01-18,21,6823.621,250.0,6836.400000000001
836,2023-01-18,22,6802.991,250.0,6823.400000000001
837,2023-01-18,23,6804.74,250.0,6818.400000000001
838,2023-01-18,24,6777.49,250.0,6816.6
839,2023-01-18,25,6714.55,223.46,6723.8
840,2023-01-18,26,6695.231,210.0,6696.5
841,2023-01-18,27,6772.748,250.0,6821.8
842,2023-01-18,28,6801.455,250.0,6827.400000000001
843,2023-01-18,29,6782.634,250.0,6831.1
844,2023-01-18,30,6780.979,248.0,6790.3
845,2023-01-18,31,6800.133,250.0,6839.6
846,2023-01-18,32,6812.96,300.0,6855.8
847,2023-01-18,33,6815.878,300.0,6820.4
848,2023-01-18,34,6868.451,305.17,6888.700000000001
849,2023-01-18,35,6838.695,250.0,6841.700000000001
850,2023-01-18,36,6762.43,238.0,6771.5
851,2023-01-18,37,6730.13,219.77,6732.700000000001
852,2023-01-18,38,6755.656,238.0,6765.8
853,2023-01-18,39,6774.214,250.0,6814.8
854,2023-01-18,40,6754.215,250.0,6803.900000000001
855,2023-01-18,41,6703.387,220.0,6703.800000000001
856,2023-01-18,42,6647.141,205.07,6653.200000000001
857,2023-01-18,43,6572.393,205.07,6582.3
858,2023-01-18,44,6438.158,200.0,6460.0
859,2023-01-18,45,6281.747,191.0,6296.900000000001
860,2023-01-18,46,6140.559,175.0,6151.200000000001
861,2023-01-18,47,6012.08,165.4,6013.8
862,2023-01-18,48,5861.285,124.77,5863.5
863,2023-01-19,1,5715.162,112.47,5717.6
864,2023-01-19,2,5605.032,112.19,5612.1
865,2023-01-19,3,5567.886,112.19,5578.4
866,2023-01-19,4,5505.016,110.3,5512.1
867,2023-01-19,5,5449.342,110.3,5482.1
868,2023-01-19,6,5379.916,106.77,5383.1
869,2023-01-19,7,5330.434,106.57,5333.1
870,2023-01-19,8,5316.747,106.57,5328.099999999999
871,2023-01-19,9,5314.327,106.57,5323.1
872,2023-01-19,10,5325.435,106.77,5342.1
873,2023-01-19,11,5422.568,110.3,5462.800000000001
874,2023-01-19,12,5578.497,126.77,5605.900000000001
875,2023-01-19,13,5765.613,142.47,5772.4
876,2023-01-19,14,5940.502,153.0,5941.700000000001
877,2023-01-19,15,6135.107,145.0,6136.000000000001
878,2023-01-19,16,6345.612,200.0,6347.400000000001
879,2023-01-19,17,6544.431,206.97,6560.3
880,2023-01-19,18,6663.96,250.0,6691.8
881,2023-01-19,19,6708.993,238.0,6709.1
882,2023-01-19,20,6743.738,250.0,6794.3
883,2023-01-19,21,6767.758,250.0,6803.700000000001
884,2023-01-19,22,6751.834,250.0,6792.300000000001
885,2023-01-19,23,6736.373,250.0,6790.900000000001
886,2023-01-19,24,6721.602,250.0,6773.700000000001
887,2023-01-19,25,6713.799,250.0,6800.1
888,2023-01-19,26,6746.154,250.0,6794.3
889,2023-01-19,27,6756.263,250.0,6821.1
890,2023-01-19,28,6784.189,250.0,6828.1
891,2023-01-19,29,6841.245,258.0,6843.700000000001
892,2023-01-19,30,6813.184,238.0,6814.1
893,2023-01-19,31,6809.139,243.0,6809.6
894,2023-01-19,32,6839.321,250.0,6955.099999999999
895,2023-01-19,33,6834.913,250.0,6893.500000000001
896,2023-01-19,34,6814.427,211.0,6817.499999999999
897,2023-01-19,35,6759.772,206.87,6765.5
898,2023-01-19,36,6679.496,195.0,6680.3
899,2023-01-19,37,6617.709,175.0,6642.300000000001
900,2023-01-19,38,6634.493,175.0,6636.5
901,2023-01-19,39,6659.338,195.0,6661.299999999999
902,2023-01-19,40,6644.771,195.0,6647.3
903,2023-01-19,41,6590.046,191.0,6599.3
904,2023-01-19,42,6534.849,165.0,6535.300000000001
905,2023-01-19,43,6462.496,145.0,6471.700000000001
906,2023-01-19,44,6331.497,126.36,6333.699999999999
907,2023-01-19,45,6184.082,125.66,6187.1
908,2023-01-19,46,6054.066,112.19,6054.499999999999
909,2023-01-19,47,5937.624,112.47,5942.1
910,2023-01-19,48,5805.243,106.77,5819.700000000001
911,2023-01-20,1,5693.538,119.2,5694.3
912,2023-01-20,2,5594.48,103.0,5596.000000000001
913,2023-01-20,3,5526.869,101.99,5531.599999999999
914,2023-01-20,4,5466.906,101.67,5481.6
915,2023-01-20,5,5384.896,100.57,5406.6
916,2023-01-20,6,5318.983,99.83,5331.6
917,2023-01-20,7,5290.202,96.07,5291.6
918,2023-01-20,8,5284.536,96.07,5286.6
919,2023-01-20,9,5289.149,96.57,5291.600000000001
920,2023-01-20,10,5307.185,99.83,5321.6
921,2023-01-20,11,5392.708,101.23,5400.900000000001
922,2023-01-20,12,5545.879,103.0,5546.8
923,2023-01-20,13,5729.212,118.74,5732.400000000001
924,2023-01-20,14,5901.259,131.53,5905.6
925,2023-01-20,15,6082.44,150.45,6085.800000000001
926,2023-01-20,16,6285.504,183.64,6287.9
927,2023-01-20,17,6485.249,201.77,6486.3
928,2023-01-20,18,6606.835,210.0,6607.2
929,2023-01-20,19,6662.002,210.0,6668.6
930,2023-01-20,20,6689.734,220.0,6692.2
931,2023-01-20,21,6691.976,220.0,6693.5
932,2023-01-20,22,6682.677,220.0,6689.6
933,2023-01-20,23,6682.175,220.0,6684.799999999999
934,2023-01-20,24,6642.196,201.87,6643.7
935,2023-01-20,25,6643.126,214.0,6648.0
936,2023-01-20,26,6642.653,214.0,6645.199999999999
937,2023-01-20,27,6741.462,248.8,6742.000000000001
938,2023-01-20,28,6755.925,248.0,6764.0
939,2023-01-20,29,6722.288,213.0,6722.400000000001
940,2023-01-20,30,6707.199,210.0,6713.4
941,2023-01-20,31,6721.463,214.0,6724.8
942,2023-01-20,32,6692.03,200.0,6724.700000000001
943,2023-01-20,33,6665.824,200.0,6735.0
944,2023-01-20,34,6620.736,191.0,6621.0
945,2023-01-20,35,6583.729,180.0,6598.799999999999
946,2023-01-20,36,6509.368,178.8,6514.900000000001
947,2023-01-20,37,6510.347,180.0,6571.000000000001
948,2023-01-20,38,6531.196,180.0,6573.900000000001
949,2023-01-20,39,6538.005,180.0,6572.4
950,2023-01-20,40,6492.241,165.0,6494.200000000001
951,2023-01-20,41,6450.25,175.0,6466.5
952,2023-01-20,42,6403.1,147.27,6412.3
953,2023-01-20,43,6348.693,145.0,6359.900000000001
954,2023-01-20,44,6235.526,125.57,6239.199999999999
955,2023-01-20,45,6106.858,130.01,6111.099999999999
956,2023-01-20,46,6000.067,124.8,6021.5
957,2023-01-20,47,5890.658,113.1,5893.200000000001
958,2023-01-20,48,5721.986,101.99,5723.8
959,2023-01-21,1,5575.018,112.95,5579.7
960,2023-01-21,2,5485.841,110.63,5510.3
961,2023-01-21,3,5441.27,109.88,5455.700000000001
962,2023-01-21,4,5340.866,107.32,5344.599999999999
963,2023-01-21,5,5288.701,106.07,5302.4
964,2023-01-21,6,5268.757,106.07,5278.0
965,2023-01-21,7,5222.426,106.07,5247.4
966,2023-01-21,8,5188.074,105.97,5222.4
967,2023-01-21,9,5184.068,106.8,5185.3
968,2023-01-21,10,5197.233,107.32,5214.7
969,2023-01-21,11,5226.094,106.07,5240.3
970,2023-01-21,12,5293.487,107.99,5300.299999999998
971,2023-01-21,13,5368.097,109.9,5395.4
972,2023-01-21,14,5434.789,110.34,5437.8
973,2023-01-21,15,5505.771,110.59,5509.700000000001
974,2023-01-21,16,5632.948,123.2,5641.500000000001
975,2023-01-21,17,5755.23,115.51,5761.8
976,2023-01-21,18,5793.107,121.04,5803.1
977,2023-01-21,19,5806.088,120.54,5816.200000000001
978,2023-01-21,20,5832.25,114.56,5838.400000000001
979,2023-01-21,21,5890.32,120.54,5893.600000000001
980,2023-01-21,22,5889.584,120.54,5896.300000000001
981,2023-01-21,23,5865.057,114.06,5870.9
982,2023-01-21,24,5802.246,111.59,5825.9000000000015
983,2023-01-21,25,5755.961,110.22,5756.799999999999
984,2023-01-21,27,5832.33,111.6,5841.900000000001
985,2023-01-21,28,5887.149,111.71,5905.1
986,2023-01-21,29,5906.214,111.69,5925.599999999999
987,2023-01-21,30,5972.032,126.17,6003.400000000001
988,2023-01-21,31,5958.165,126.17,5986.4
989,2023-01-21,32,5880.539,121.04,5881.900000000001
990,2023-01-21,33,5878.839,122.2,5893.3
991,2023-01-21,34,5936.839,126.07,5944.4
992,2023-01-21,35,6060.015,148.1,6072.6
993,2023-01-21,36,6130.197,191.0,6135.799999999998
994,2023-01-21,37,6126.887,148.2,6139.199999999999
995,2023-01-21,38,6135.356,148.1,6153.8
996,2023-01-21,39,6152.582,143.8,6156.200000000001
997,2023-01-21,40,6138.392,140.67,6143.400000000001
998,2023-01-21,41,6132.99,140.67,6141.800000000001
999,2023-01-21,42,6110.143,126.17,6124.900000000001
1000,2023-01-21,43,6051.711,126.17,6069.0999999999985
1001,2023-01-21,44,5996.061,125.85,6000.899999999999
1002,2023-01-21,45,5974.124,124.4,5977.700000000001
1003,2023-01-21,46,5946.893,200.0,6006.3
1004,2023-01-21,47,5891.617,191.0,5893.7
1005,2023-01-21,48,5838.13,200.0,5880.4000000000015
1006,2023-01-22,1,5765.061,250.0,5801.300000000002
1007,2023-01-22,2,5677.077,248.2,5695.099999999999
1008,2023-01-22,3,5534.965,139.5,5539.500000000001
1009,2023-01-22,4,5422.509,115.67,5429.599999999999
1010,2023-01-22,5,5358.664,111.4,5362.6
1011,2023-01-22,6,5293.636,111.4,5346.500000000001
1012,2023-01-22,7,5246.526,111.4,5315.4000000000015
1013,2023-01-22,8,5195.727,111.4,5241.4
1014,2023-01-22,9,5166.131,110.67,5188.799999999999
1015,2023-01-22,10,5163.865,110.67,5173.8
1016,2023-01-22,11,5188.66,110.67,5203.8
1017,2023-01-22,12,5233.609,111.4,5290.3
1018,2023-01-22,13,5277.444,111.4,5333.9
1019,2023-01-22,14,5316.205,110.94,5329.0
1020,2023-01-22,15,5357.074,111.55,5403.0
1021,2023-01-22,16,5406.172,111.57,5421.4
1022,2023-01-22,17,5457.323,111.63,5485.900000000001
1023,2023-01-22,18,5495.647,111.66,5524.8
1024,2023-01-22,19,5520.92,111.28,5522.2
1025,2023-01-22,20,5545.859,111.19,5550.999999999999
1026,2023-01-22,21,5551.609,111.72,5607.9
1027,2023-01-22,22,5544.691,107.0,5547.500000000001
1028,2023-01-22,23,5526.898,106.1,5531.700000000001
1029,2023-01-22,24,5488.177,106.07,5496.600000000001
1030,2023-01-22,25,5506.338,106.1,5519.5999999999985
1031,2023-01-22,26,5551.122,109.0,5551.5
1032,2023-01-22,27,5577.558,111.27,5631.500000000001
1033,2023-01-22,28,5510.135,106.1,5516.1
1034,2023-01-22,29,5512.938,106.07,5529.0
1035,2023-01-22,30,5638.505,111.26,5675.999999999999
1036,2023-01-22,31,5677.186,111.3,5705.1
1037,2023-01-22,32,5685.71,111.28,5705.499999999999
1038,2023-01-22,33,5703.676,111.32,5716.9
1039,2023-01-22,34,5693.443,110.7,5699.4
1040,2023-01-22,35,5697.618,110.7,5705.0
1041,2023-01-22,36,5715.843,106.22,5717.7
1042,2023-01-22,37,5751.016,111.85,5753.299999999999
1043,2023-01-22,38,5831.162,112.37,5840.200000000001
1044,2023-01-22,39,5901.363,113.37,5902.299999999999
1045,2023-01-22,40,5924.489,111.88,5934.4
1046,2023-01-22,41,5916.01,111.88,5939.600000000001
1047,2023-01-22,42,5906.696,111.88,5937.399999999999
1048,2023-01-22,43,5915.309,111.88,5937.0
1049,2023-01-22,44,5889.922,112.38,5907.6
1050,2023-01-22,45,5834.656,118.37,5835.099999999999
1051,2023-01-22,46,5766.895,123.2,5771.900000000001
1052,2023-01-22,47,5684.06,126.0,5691.7
1053,2023-01-22,48,5590.569,115.06,5596.5999999999985
1054,2023-01-23,1,5491.398,111.4,5525.299999999999
1055,2023-01-23,2,5403.732,110.67,5407.3
1056,2023-01-23,3,5308.715,107.02,5311.2
1057,2023-01-23,4,5239.787,106.17,5259.6
1058,2023-01-23,5,5190.524,103.2,5192.6
1059,2023-01-23,6,5141.997,101.32,5150.9
1060,2023-01-23,7,5103.305,95.52,5104.7
1061,2023-01-23,8,5064.768,95.02,5074.700000000001
1062,2023-01-23,9,5053.904,94.48,5057.900000000001
1063,2023-01-23,10,5064.455,95.02,5072.900000000001
1064,2023-01-23,11,5097.49,95.52,5102.900000000001
1065,2023-01-23,12,5144.437,103.2,5160.3
1066,2023-01-23,13,5200.678,103.2,5215.099999999999
1067,2023-01-23,14,5250.74,106.07,5265.1
1068,2023-01-23,15,5293.721,106.17,5297.1
1069,2023-01-23,16,5376.203,110.51,5381.200000000001
1070,2023-01-23,17,5462.472,111.13,5515.7
1071,2023-01-23,18,5528.727,111.23,5539.799999999999
1072,2023-01-23,19,5587.264,111.68,5638.3
1073,2023-01-23,20,5650.463,111.72,5671.499999999999
1074,2023-01-23,21,5684.438,111.76,5718.999999999999
1075,2023-01-23,22,5694.909,111.76,5741.1
1076,2023-01-23,23,5689.686,111.77,5731.1
1077,2023-01-23,24,5686.838,111.78,5730.500000000001
1078,2023-01-23,25,5722.637,111.77,5752.1
1079,2023-01-23,26,5729.391,111.73,5743.9
1080,2023-01-23,27,5760.22,115.01,5761.0999999999985
1081,2023-01-23,28,5802.321,121.54,5809.7
1082,2023-01-23,29,5781.233,119.55,5782.4000000000015
1083,2023-01-23,30,5761.299,112.01,5761.499999999999
1084,2023-01-23,31,5755.016,111.77,5762.599999999999
1085,2023-01-23,32,5802.654,120.0,5809.499999999999
1086,2023-01-23,33,5818.001,120.0,5818.199999999999
1087,2023-01-23,34,5823.965,120.0,5827.2
1088,2023-01-23,35,5806.521,120.0,5816.8
1089,2023-01-23,36,5819.055,119.55,5823.3
1090,2023-01-23,37,5864.302,122.01,5869.0
1091,2023-01-23,38,5913.709,123.2,5916.8
1092,2023-01-23,39,5977.926,126.27,6004.799999999999
1093,2023-01-23,40,6019.684,130.05,6027.999999999999
1094,2023-01-23,41,6007.314,126.27,6019.200000000001
1095,2023-01-23,42,6000.286,126.27,6019.699999999999
1096,2023-01-23,43,5976.574,126.27,6009.5
1097,2023-01-23,44,5793.753,112.01,5794.9
1098,2023-01-23,45,5701.331,111.85,5746.6
1099,2023-01-23,46,5604.694,111.4,5605.099999999999
1100,2023-01-23,47,5509.121,111.28,5570.1
1101,2023-01-23,48,5528.578,111.07,5541.499999999999
1102,2023-01-24,1,5552.171,115.55,5554.9
1103,2023-01-24,2,5470.588,113.58,5485.3
1104,2023-01-24,3,5264.1,105.77,5269.2
1105,2023-01-24,4,5193.019,105.47,5227.6
1106,2023-01-24,5,5143.344,105.47,5177.6
1107,2023-01-24,6,5095.483,96.95,5095.9
1108,2023-01-24,7,5060.051,94.48,5079.700000000001
1109,2023-01-24,8,5029.749,86.9,5034.700000000001
1110,2023-01-24,9,5017.155,86.9,5032.900000000001
1111,2023-01-24,10,5027.826,86.9,5027.9
1112,2023-01-24,11,5058.247,94.48,5067.9
1113,2023-01-24,12,5103.872,103.01,5105.099999999999
1114,2023-01-24,13,5161.499,103.2,5168.9
1115,2023-01-24,14,5214.922,103.2,5219.3
1116,2023-01-24,15,5264.388,105.55,5266.8
1117,2023-01-24,16,5343.177,105.87,5357.200000000001
1118,2023-01-24,17,5432.901,111.07,5486.9
1119,2023-01-24,18,5512.948,111.13,5523.099999999999
1120,2023-01-24,19,5588.705,111.65,5629.200000000001
1121,2023-01-24,20,5667.246,113.58,5680.7
1122,2023-01-24,21,5730.996,111.81,5732.6
1123,2023-01-24,22,5742.05,111.72,5744.900000000001
1124,2023-01-24,23,5748.754,111.73,5749.9
1125,2023-01-24,24,5766.681,111.91,5769.900000000001
1126,2023-01-24,25,5796.74,115.01,5801.499999999999
1127,2023-01-24,26,5805.606,119.55,5810.3
1128,2023-01-24,27,5811.381,119.55,5812.0999999999985
1129,2023-01-24,28,5832.459,124.52,5834.4000000000015
1130,2023-01-24,29,5833.697,124.02,5836.7
1131,2023-01-24,30,5811.903,120.05,5812.999999999999
1132,2023-01-24,31,5810.298,119.55,5812.499999999999
1133,2023-01-24,32,5847.409,124.52,5856.799999999999
1134,2023-01-24,33,5873.884,125.57,5877.8
1135,2023-01-24,34,5873.924,125.47,5878.4
1136,2023-01-24,35,5861.374,124.02,5862.899999999999
1137,2023-01-24,36,5890.996,125.57,5894.499999999999
1138,2023-01-24,37,5939.463,130.55,5944.3
1139,2023-01-24,38,5999.928,148.2,6013.4
1140,2023-01-24,39,6064.573,163.58,6065.7
1141,2023-01-24,40,6099.259,182.22,6103.999999999998
1142,2023-01-24,41,6078.757,163.58,6079.8
1143,2023-01-24,42,6050.98,153.6,6055.699999999999
1144,2023-01-24,43,5985.938,130.55,5991.2
1145,2023-01-24,44,5904.728,124.52,5906.9
1146,2023-01-24,45,5802.614,123.2,5808.0
1147,2023-01-24,46,5677.996,111.98,5682.700000000001
1148,2023-01-24,47,5551.361,111.21,5558.200000000001
1149,2023-01-24,48,5384.225,105.77,5396.2
1150,2023-01-25,1,5212.501,95.6,5256.900000000001
1151,2023-01-25,2,5114.418,86.9,5128.500000000001
1152,2023-01-25,3,5109.652,90.23,5113.9000000000015
1153,2023-01-25,4,5050.087,86.9,5087.1
1154,2023-01-25,5,5001.127,86.7,5024.700000000001
1155,2023-01-25,6,4958.335,85.3,4965.300000000001
1156,2023-01-25,7,4943.54,85.4,4948.5
1157,2023-01-25,8,4936.428,84.48,4939.099999999999
1158,2023-01-25,9,4943.575,85.4,4951.700000000001
1159,2023-01-25,10,4962.038,86.7,4992.9
1160,2023-01-25,11,5056.085,94.73,5059.700000000001
1161,2023-01-25,12,5215.851,96.2,5249.399999999999
1162,2023-01-25,13,5403.623,105.47,5405.6
1163,2023-01-25,14,5587.413,108.56,5592.800000000001
1164,2023-01-25,15,5789.941,111.7,5827.0
1165,2023-01-25,16,6000.44,118.23,6001.0
1166,2023-01-25,17,6209.513,126.4,6211.9
1167,2023-01-25,18,6355.656,191.0,6359.8
1168,2023-01-25,19,6429.808,200.0,6481.299999999999
1169,2023-01-25,20,6467.849,200.0,6488.599999999999
1170,2023-01-25,21,6490.964,205.57,6507.2
1171,2023-01-25,22,6502.803,205.67,6521.899999999999
1172,2023-01-25,23,6520.968,205.87,6537.600000000001
1173,2023-01-25,24,6504.02,250.0,6519.7
1174,2023-01-25,25,6480.214,205.57,6492.299999999999
1175,2023-01-25,26,6493.126,205.57,6502.700000000001
1176,2023-01-25,27,6569.803,250.0,6593.700000000002
1177,2023-01-25,28,6575.817,250.0,6595.8
1178,2023-01-25,29,6546.474,300.0,6582.700000000001
1179,2023-01-25,30,6507.937,250.0,6512.599999999999
1180,2023-01-25,31,6517.951,255.55,6518.499999999999
1181,2023-01-25,32,6517.092,250.0,6520.9
1182,2023-01-25,33,6512.693,205.57,6532.0
1183,2023-01-25,34,6498.275,200.0,6499.2
1184,2023-01-25,35,6458.704,200.0,6505.6
1185,2023-01-25,36,6374.438,148.2,6389.300000000001
1186,2023-01-25,37,6326.189,126.18,6331.000000000002
1187,2023-01-25,38,6345.9,134.52,6350.3
1188,2023-01-25,39,6380.073,148.4,6381.500000000001
1189,2023-01-25,40,6371.664,158.0,6376.1
1190,2023-01-25,41,6336.979,148.2,6346.100000000001
1191,2023-01-25,42,6278.357,128.0,6285.8
1192,2023-01-25,43,6204.742,148.2,6221.1
1193,2023-01-25,44,6067.898,125.68,6073.0
1194,2023-01-25,45,5905.13,116.53,5914.800000000001
1195,2023-01-25,46,5745.837,111.3,5753.4
1196,2023-01-25,47,5602.626,108.01,5602.799999999999
1197,2023-01-25,48,5392.788,102.9,5393.400000000001
1198,2023-01-26,1,5207.496,86.9,5207.6
1199,2023-01-26,2,5109.861,86.7,5122.5
1200,2023-01-26,3,5175.44,91.06,5178.900000000001
1201,2023-01-26,4,5101.153,86.9,5122.1
1202,2023-01-26,5,5041.762,86.9,5079.7000000000035
1203,2023-01-26,6,5008.13,86.7,5027.3
1204,2023-01-26,7,4987.778,86.7,5000.500000000002
1205,2023-01-26,8,4981.312,86.7,4994.300000000002
1206,2023-01-26,9,4990.104,86.7,4993.700000000003
1207,2023-01-26,10,5010.252,86.9,5039.9
1208,2023-01-26,11,5106.387,94.5,5106.700000000002
1209,2023-01-26,12,5264.522,99.0,5342.599999999999
1210,2023-01-26,13,5448.666,100.0,5478.3
1211,2023-01-26,14,5623.386,104.0,5627.3
1212,2023-01-26,15,5828.408,110.94,5843.300000000001
1213,2023-01-26,16,6045.185,125.37,6046.400000000001
1214,2023-01-26,17,6254.815,157.59,6257.899999999999
1215,2023-01-26,18,6390.267,555.55,6391.9
1216,2023-01-26,19,6462.685,358.2,6467.699999999999
1217,2023-01-26,20,6510.128,305.77,6511.0999999999985
1218,2023-01-26,21,6505.48,263.74,6506.299999999999
1219,2023-01-26,22,6494.076,263.74,6496.7
1220,2023-01-26,23,6476.805,255.55,6482.000000000002
1221,2023-01-26,24,6453.276,248.2,6454.699999999999
1222,2023-01-26,25,6411.837,250.0,6436.5999999999985
1223,2023-01-26,26,6410.52,250.0,6434.200000000002
1224,2023-01-26,27,6447.396,250.9,6457.500000000002
1225,2023-01-26,28,6456.012,250.0,6465.999999999999
1226,2023-01-26,29,6458.102,248.2,6467.700000000001
1227,2023-01-26,30,6449.862,246.8,6450.4
1228,2023-01-26,31,6472.318,266.25,6475.299999999997
1229,2023-01-26,32,6478.436,248.2,6479.9
1230,2023-01-26,33,6467.852,250.0,6483.699999999999
1231,2023-01-26,34,6490.601,250.9,6506.400000000001
1232,2023-01-26,35,6485.577,250.0,6490.400000000001
1233,2023-01-26,36,6403.343,205.87,6425.200000000002
1234,2023-01-26,37,6360.81,203.98,6368.4000000000015
1235,2023-01-26,38,6394.531,205.67,6399.699999999998
1236,2023-01-26,39,6429.783,205.87,6448.9
1237,2023-01-26,40,6419.565,200.0,6428.799999999999
1238,2023-01-26,41,6403.552,248.2,6419.200000000002
1239,2023-01-26,42,6365.665,243.98,6371.999999999998
1240,2023-01-26,43,6297.184,250.0,6324.100000000002
1241,2023-01-26,44,6161.895,200.0,6207.299999999998
1242,2023-01-26,45,6003.606,155.55,6009.9000000000015
1243,2023-01-26,46,5861.673,130.41,5869.299999999999
1244,2023-01-26,47,5728.884,120.5,5731.4
1245,2023-01-26,48,5536.958,104.67,5561.8
1246,2023-01-27,1,5359.434,105.67,5411.900000000001
1247,2023-01-27,2,5253.991,105.57,5284.8
1248,2023-01-27,3,5251.168,105.67,5299.000000000001
1249,2023-01-27,4,5195.325,105.67,5257.4000000000015
1250,2023-01-27,5,5151.266,105.57,5170.200000000003
1251,2023-01-27,6,5107.306,105.47,5148.0
1252,2023-01-27,7,5052.427,72.2,5064.8
1253,2023-01-27,8,5051.428,71.9,5054.2
1254,2023-01-27,9,5050.837,83.91,5056.600000000003
1255,2023-01-27,10,5077.009,105.57,5085.900000000001
1256,2023-01-27,11,5165.023,105.57,5192.5
1257,2023-01-27,12,5319.197,105.67,5336.6
1258,2023-01-27,13,5519.642,110.86,5570.900000000001
1259,2023-01-27,14,5676.297,111.15,5744.900000000001
1260,2023-01-27,15,5887.462,111.89,5911.099999999999
1261,2023-01-27,16,6096.182,123.2,6098.700000000001
1262,2023-01-27,17,6311.507,138.05,6311.699999999999
1263,2023-01-27,18,6421.881,176.88,6434.000000000001
1264,2023-01-27,19,6481.809,165.88,6501.600000000001
1265,2023-01-27,20,6505.591,148.2,6507.399999999999
1266,2023-01-27,21,6517.29,148.2,6518.399999999999
1267,2023-01-27,22,6511.783,148.2,6512.5
1268,2023-01-27,23,6496.873,188.07,6500.900000000001
1269,2023-01-27,24,6482.55,148.2,6488.5
1270,2023-01-27,25,6428.407,125.87,6429.4
1271,2023-01-27,26,6405.048,125.57,6407.6
1272,2023-01-27,27,6437.417,128.07,6439.4000000000015
1273,2023-01-27,28,6461.512,130.12,6464.6
1274,2023-01-27,29,6510.228,180.0,6511.600000000002
1275,2023-01-27,30,6551.996,200.0,6582.3
1276,2023-01-27,31,6571.801,200.0,6585.500000000001
1277,2023-01-27,32,6593.52,205.57,6612.8
1278,2023-01-27,33,6591.815,200.0,6597.8
1279,2023-01-27,34,6577.427,200.0,6615.1
1280,2023-01-27,35,6549.382,188.07,6550.600000000001
1281,2023-01-27,36,6479.379,125.87,6480.800000000002
1282,2023-01-27,37,6463.902,125.63,6471.300000000001
1283,2023-01-27,38,6484.94,138.55,6488.5
1284,2023-01-27,39,6502.405,148.2,6509.1
1285,2023-01-27,40,6484.041,139.88,6486.100000000001
1286,2023-01-27,41,6448.451,139.88,6455.600000000001
1287,2023-01-27,42,6394.094,125.87,6398.2
1288,2023-01-27,43,6327.247,163.68,6334.700000000001
1289,2023-01-27,44,6200.701,125.87,6215.099999999999
1290,2023-01-27,45,6062.635,125.57,6079.1
1291,2023-01-27,46,5932.252,113.96,5942.200000000001
1292,2023-01-27,47,5817.33,111.04,5818.1
1293,2023-01-27,48,5656.541,110.87,5730.7
1294,2023-01-28,1,5524.11,105.87,5529.0
1295,2023-01-28,2,5409.129,105.47,5425.3
1296,2023-01-28,3,5396.197,105.67,5413.7
1297,2023-01-28,4,5319.858,105.47,5342.6
1298,2023-01-28,5,5241.168,103.2,5260.4
1299,2023-01-28,6,5171.25,90.88,5181.1
1300,2023-01-28,7,5128.856,85.4,5135.500000000002
1301,2023-01-28,8,5106.337,83.48,5112.100000000001
1302,2023-01-28,9,5091.308,84.3,5097.100000000003
1303,2023-01-28,10,5107.55,85.3,5109.6
1304,2023-01-28,11,5145.68,90.88,5153.1
1305,2023-01-28,12,5227.754,100.81,5230.7
1306,2023-01-28,13,5309.66,101.22,5310.4
1307,2023-01-28,14,5387.376,105.37,5388.7
1308,2023-01-28,15,5494.186,105.88,5497.700000000001
1309,2023-01-28,16,5651.481,111.18,5711.9
1310,2023-01-28,17,5849.456,120.0,5850.8
1311,2023-01-28,18,5965.392,132.73,5981.1
1312,2023-01-28,19,6046.278,145.14,6046.3
1313,2023-01-28,20,6110.019,145.64,6113.1
1314,2023-01-28,21,6154.386,148.2,6161.9000000000015
1315,2023-01-28,22,6204.702,151.54,6211.000000000002
1316,2023-01-28,23,6217.912,151.54,6223.500000000001
1317,2023-01-28,24,6172.139,148.2,6176.300000000001
1318,2023-01-28,25,6146.001,139.88,6148.699999999999
1319,2023-01-28,26,6121.668,135.88,6128.0
1320,2023-01-28,27,6130.217,139.66,6134.400000000001
1321,2023-01-28,28,6101.505,131.15,6102.4
1322,2023-01-28,29,6102.554,132.02,6105.0
1323,2023-01-28,30,6070.358,132.52,6071.2
1324,2023-01-28,31,6046.383,125.87,6047.0
1325,2023-01-28,32,6017.229,125.37,6022.099999999999
1326,2023-01-28,33,5999.978,120.23,6000.4
1327,2023-01-28,34,5988.338,115.52,6005.200000000001
1328,2023-01-28,35,5956.147,115.02,5984.1
1329,2023-01-28,36,5953.434,115.02,5974.800000000001
1330,2023-01-28,37,5994.988,115.02,6005.3
1331,2023-01-28,38,6059.404,111.53,6070.400000000001
1332,2023-01-28,39,6089.184,112.1,6107.500000000001
1333,2023-01-28,40,6092.842,112.11,6109.0
1334,2023-01-28,41,6078.901,111.53,6080.100000000001
1335,2023-01-28,42,6074.821,111.62,6082.600000000001
1336,2023-01-28,43,6029.097,111.63,6082.0
1337,2023-01-28,44,5927.828,111.32,5974.7
1338,2023-01-28,45,5816.913,111.19,5878.5
1339,2023-01-28,46,5714.436,108.24,5721.9
1340,2023-01-28,47,5613.367,105.67,5637.0
1341,2023-01-28,48,5484.678,103.52,5490.9
1342,2023-01-29,1,5357.839,89.11,5381.200000000001
1343,2023-01-29,2,5261.883,94.21,5276.700000000001
1344,2023-01-29,3,5250.373,94.21,5253.900000000001
1345,2023-01-29,4,5186.106,89.11,5202.1
1346,2023-01-29,5,5109.657,85.97,5112.1
1347,2023-01-29,6,5054.778,84.2,5056.3
1348,2023-01-29,7,5017.583,83.65,5028.4
1349,2023-01-29,8,4980.213,83.15,4998.400000000002
1350,2023-01-29,9,4965.194,83.01,4972.500000000002
1351,2023-01-29,10,4985.253,83.65,5002.500000000001
1352,2023-01-29,11,5016.857,84.1,5024.3
1353,2023-01-29,12,5077.123,85.02,5079.1
1354,2023-01-29,13,5138.394,85.4,5138.9
1355,2023-01-29,14,5190.345,85.52,5194.200000000001
1356,2023-01-29,15,5221.78,88.61,5246.500000000001
1357,2023-01-29,16,5321.856,94.71,5335.999999999999
1358,2023-01-29,17,5434.586,103.2,5454.9
1359,2023-01-29,18,5561.768,105.57,5566.0
1360,2023-01-29,19,5636.035,105.87,5636.9
1361,2023-01-29,20,5684.149,110.74,5750.0
1362,2023-01-29,21,5756.796,110.92,5788.3
1363,2023-01-29,22,5824.358,110.96,5825.200000000001
1364,2023-01-29,23,5844.496,111.51,5910.900000000001
1365,2023-01-29,24,5815.745,111.03,5844.900000000001
1366,2023-01-29,25,5791.109,110.98,5870.2
1367,2023-01-29,26,5790.771,110.88,5843.4
1368,2023-01-29,27,5794.891,110.94,5852.400000000001
1369,2023-01-29,28,5781.447,110.8,5845.700000000001
1370,2023-01-29,29,5761.254,108.02,5761.6
1371,2023-01-29,30,5748.382,105.97,5755.900000000001
1372,2023-01-29,31,5733.476,105.88,5737.9
1373,2023-01-29,32,5738.705,105.88,5742.200000000001
1374,2023-01-29,33,5746.075,105.88,5748.200000000001
1375,2023-01-29,34,5738.392,105.87,5747.7
1376,2023-01-29,35,5773.704,108.24,5777.2
1377,2023-01-29,36,5785.955,105.67,5793.3
1378,2023-01-29,37,5855.386,109.33,5859.7
1379,2023-01-29,38,5935.795,111.43,5991.4
1380,2023-01-29,39,6007.12,111.51,6058.6
1381,2023-01-29,40,6063.907,111.53,6076.2
1382,2023-01-29,41,6088.066,112.28,6106.400000000001
1383,2023-01-29,42,6093.772,122.04,6097.8
1384,2023-01-29,43,6048.107,111.58,6056.2
1385,2023-01-29,44,5952.301,111.51,5982.2
1386,2023-01-29,45,5818.399,111.49,5886.1
1387,2023-01-29,46,5692.921,111.1,5754.9
1388,2023-01-29,47,5564.74,105.57,5570.7
1389,2023-01-29,48,5536.118,105.67,5559.2
1390,2023-01-30,1,5508.668,107.42,5511.6
1391,2023-01-30,2,5399.11,105.57,5399.400000000001
1392,2023-01-30,3,5235.93,91.42,5243.900000000002
1393,2023-01-30,4,5164.506,85.42,5182.100000000002
1394,2023-01-30,5,5126.789,80.2,5140.600000000003
1395,2023-01-30,6,5081.373,77.98,5088.900000000001
1396,2023-01-30,7,5069.007,75.4,5077.199999999999
1397,2023-01-30,8,5058.456,71.9,5063.2
1398,2023-01-30,9,5066.04,75.4,5076.000000000002
1399,2023-01-30,10,5100.0,77.98,5117.300000000002
1400,2023-01-30,11,5183.362,84.92,5213.1
1401,2023-01-30,12,5356.418,96.24,5364.1
1402,2023-01-30,13,5556.371,105.37,5565.3
1403,2023-01-30,14,5772.193,105.88,5774.700000000001
1404,2023-01-30,15,6009.212,115.02,6067.0
1405,2023-01-30,16,6247.717,131.1,6251.300000000001
1406,2023-01-30,17,6470.682,131.9,6489.499999999999
1407,2023-01-30,18,6628.747,200.0,6683.3
1408,2023-01-30,19,6708.372,191.0,6714.699999999999
1409,2023-01-30,20,6753.519,200.0,6782.2
1410,2023-01-30,21,6746.377,158.6,6759.4
1411,2023-01-30,22,6731.284,150.0,6731.9
1412,2023-01-30,23,6715.727,150.0,6725.400000000001
1413,2023-01-30,24,6700.271,150.0,6713.3
1414,2023-01-30,25,6632.097,138.5,6636.5
1415,2023-01-30,26,6641.307,138.58,6643.700000000001
1416,2023-01-30,27,6696.17,150.0,6707.000000000002
1417,2023-01-30,28,6750.572,191.0,6752.599999999999
1418,2023-01-30,29,6718.262,158.6,6733.3
1419,2023-01-30,30,6653.17,139.08,6658.1
1420,2023-01-30,31,6697.02,125.87,6701.7
1421,2023-01-30,32,6685.684,125.57,6692.7
1422,2023-01-30,33,6749.508,138.5,6754.099999999999
1423,2023-01-30,34,6755.855,125.67,6764.2
1424,2023-01-30,35,6691.653,119.88,6721.6
1425,2023-01-30,36,6620.974,112.25,6639.1
1426,2023-01-30,37,6606.323,112.24,6607.200000000001
1427,2023-01-30,38,6625.368,112.38,6633.3
1428,2023-01-30,39,6633.056,112.88,6641.800000000001
1429,2023-01-30,40,6624.881,114.8,6629.800000000001
1430,2023-01-30,41,6591.204,148.2,6592.500000000002
1431,2023-01-30,42,6538.989,138.08,6544.2
1432,2023-01-30,43,6450.916,131.9,6454.500000000001
1433,2023-01-30,44,6310.349,200.0,6353.0
1434,2023-01-30,45,6142.85,148.2,6153.200000000001
1435,2023-01-30,46,5972.499,117.17,5978.2
1436,2023-01-30,47,5822.355,111.45,5875.400000000001
1437,2023-01-30,48,5620.17,105.57,5620.500000000001
1438,2023-01-31,1,5432.752,102.5,5452.0
1439,2023-01-31,2,5319.157,90.83,5320.6
1440,2023-01-31,3,5319.441,103.55,5319.700000000002
1441,2023-01-31,4,5254.672,103.2,5267.400000000001
1442,2023-01-31,5,5188.879,101.26,5190.700000000003
1443,2023-01-31,6,5148.895,95.83,5153.299999999999
1444,2023-01-31,7,5134.562,85.4,5141.5
1445,2023-01-31,8,5125.621,85.4,5135.300000000003
1446,2023-01-31,9,5134.502,78.8,5135.900000000003
1447,2023-01-31,10,5159.521,96.33,5160.900000000001
1448,2023-01-31,11,5251.322,105.5,5255.800000000001
1449,2023-01-31,12,5418.19,105.77,5437.700000000001
1450,2023-01-31,13,5612.949,108.0,5614.3
1451,2023-01-31,14,5807.877,111.52,5875.400000000001
1452,2023-01-31,15,6015.643,112.36,6028.2
1453,2023-01-31,16,6253.975,125.8,6261.1
1454,2023-01-31,17,6463.251,148.2,6480.5
1455,2023-01-31,18,6594.559,200.0,6606.1
1456,2023-01-31,19,6652.743,200.0,6673.799999999999
1457,2023-01-31,20,6693.348,144.8,6696.7
1458,2023-01-31,21,6716.383,191.0,6723.5
1459,2023-01-31,22,6708.203,148.2,6714.9
1460,2023-01-31,23,6689.724,125.87,6695.900000000001
1461,2023-01-31,24,6666.41,125.67,6671.1
1462,2023-01-31,25,6649.701,124.87,6649.8
1463,2023-01-31,26,6680.008,125.87,6688.100000000001
1464,2023-01-31,27,6716.453,125.87,6722.300000000001
1465,2023-01-31,28,6755.567,129.0,6757.2
1466,2023-01-31,29,6760.413,138.05,6769.5
1467,2023-01-31,30,6755.075,138.05,6758.8
1468,2023-01-31,31,6768.096,144.8,6771.6
1469,2023-01-31,32,6755.274,138.05,6757.9
1470,2023-01-31,33,6712.025,124.0,6712.7
1471,2023-01-31,34,6676.614,120.0,6689.900000000001
1472,2023-01-31,35,6642.788,116.78,6645.6
1473,2023-01-31,36,6584.524,114.53,6598.0
1474,2023-01-31,37,6550.927,114.5,6580.700000000001
1475,2023-01-31,38,6556.121,114.53,6588.1
1476,2023-01-31,39,6572.999,114.78,6594.2
1477,2023-01-31,40,6546.887,114.94,6581.900000000001
1478,2023-01-31,41,6516.957,115.02,6517.700000000001
1479,2023-01-31,42,6462.789,114.08,6475.099999999999
1480,2023-01-31,43,6379.621,113.18,6413.3
1481,2023-01-31,44,6247.071,138.55,6249.5
1482,2023-01-31,45,6071.138,115.52,6078.7
1483,2023-01-31,46,5923.157,111.53,5949.8
1484,2023-01-31,47,5768.719,111.11,5800.5
1485,2023-01-31,48,5631.094,105.77,5640.500000000001
