datetime,information type,usep,lcp,demand,tcl
2023-01-01 00:00:00,USEP,158.62,0.0,5539.761,0.0
2023-01-01 00:30:00,USEP,147.58,0.0,5443.353,0.0
2023-01-01 01:00:00,USEP,126.83,0.0,5384.523,0.0
2023-01-01 01:30:00,USEP,144.53,0.0,5367.272,0.0
2023-01-01 02:00:00,USEP,144.51,0.0,5331.369,0.0
2023-01-01 02:30:00,USEP,126.8,0.0,5289.506,0.0
2023-01-01 03:00:00,USEP,108.48,0.0,5232.943,0.0
2023-01-01 03:30:00,USEP,106.74,0.0,5196.736,0.0
2023-01-01 04:00:00,USEP,106.51,0.0,5173.397,0.0
2023-01-01 04:30:00,USEP,106.74,0.0,5180.256,0.0
2023-01-01 05:00:00,USEP,109.69,0.0,5213.411,0.0
2023-01-01 05:30:00,USEP,123.24,0.0,5258.215,0.0
2023-01-01 06:00:00,USEP,123.24,0.0,5324.033,0.0
2023-01-01 06:30:00,USEP,123.25,0.0,5358.947,0.0
2023-01-01 07:00:00,USEP,126.71,0.0,5383.39,0.0
2023-01-01 07:30:00,USEP,144.54,0.0,5457.989,0.0
2023-01-01 08:00:00,USEP,156.98,0.0,5548.493,0.0
2023-01-01 08:30:00,USEP,157.11,0.0,5605.032,0.0
2023-01-01 09:00:00,USEP,177.19,0.0,5658.559,0.0
2023-01-01 09:30:00,USEP,158.6,0.0,5727.006,0.0
2023-01-01 10:00:00,USEP,157.2,0.0,5768.639,0.0
2023-01-01 10:30:00,USEP,157.2,0.0,5775.15,0.0
2023-01-01 11:00:00,USEP,151.63,0.0,5773.614,0.0
2023-01-01 11:30:00,USEP,130.62,0.0,5734.585,0.0
2023-01-01 12:00:00,USEP,126.25,0.0,5701.534,0.0
2023-01-01 12:30:00,USEP,117.51,0.0,5634.365,0.0
2023-01-01 13:00:00,USEP,117.51,0.0,5612.228,0.0
2023-01-01 13:30:00,USEP,117.53,0.0,5633.684,0.0
2023-01-01 14:00:00,USEP,116.06,0.0,5684.746,0.0
2023-01-01 14:30:00,USEP,116.06,0.0,5676.983,0.0
2023-01-01 15:00:00,USEP,116.08,0.0,5684.224,0.0
2023-01-01 15:30:00,USEP,126.79,0.0,5732.04,0.0
2023-01-01 16:00:00,USEP,146.93,0.0,5780.731,0.0
2023-01-01 16:30:00,USEP,137.24,0.0,5788.932,0.0
2023-01-01 17:00:00,USEP,151.61,0.0,5823.578,0.0
2023-01-01 17:30:00,USEP,157.21,0.0,5848.115,0.0
2023-01-01 18:00:00,USEP,181.38,0.0,5906.353,0.0
2023-01-01 18:30:00,USEP,194.23,0.0,5998.994,0.0
2023-01-01 19:00:00,USEP,231.19,0.0,6061.238,0.0
2023-01-01 19:30:00,USEP,231.17,0.0,6086.461,0.0
2023-01-01 20:00:00,USEP,231.16,0.0,6101.376,0.0
2023-01-01 20:30:00,USEP,230.7,0.0,6087.211,0.0
2023-01-01 21:00:00,USEP,232.49,0.0,6060.483,0.0
2023-01-01 21:30:00,USEP,213.0,0.0,5969.407,0.0
2023-01-01 22:00:00,USEP,181.45,0.0,5864.023,0.0
2023-01-01 22:30:00,USEP,158.71,0.0,5783.266,0.0
2023-01-01 23:00:00,USEP,157.26,0.0,5694.964,0.0
2023-01-01 23:30:00,USEP,145.21,0.0,5632.084,0.0
2023-01-02 00:00:00,USEP,194.09,0.0,5587.915,0.0
2023-01-02 00:30:00,USEP,191.73,0.0,5516.119,0.0
2023-01-02 01:00:00,USEP,162.2,0.0,5440.271,0.0
2023-01-02 01:30:00,USEP,141.24,0.0,5345.528,0.0
2023-01-02 02:00:00,USEP,123.77,0.0,5270.466,0.0
2023-01-02 02:30:00,USEP,107.69,0.0,5198.068,0.0
2023-01-02 03:00:00,USEP,104.61,0.0,5152.826,0.0
2023-01-02 03:30:00,USEP,104.5,0.0,5131.749,0.0
2023-01-02 04:00:00,USEP,104.51,0.0,5126.237,0.0
2023-01-02 04:30:00,USEP,106.75,0.0,5153.646,0.0
2023-01-02 05:00:00,USEP,117.34,0.0,5177.478,0.0
2023-01-02 05:30:00,USEP,123.59,0.0,5241.963,0.0
2023-01-02 06:00:00,USEP,123.75,0.0,5307.776,0.0
2023-01-02 06:30:00,USEP,120.81,0.0,5346.393,0.0
2023-01-02 07:00:00,USEP,130.72,0.0,5393.509,0.0
2023-01-02 07:30:00,USEP,154.95,0.0,5467.422,0.0
2023-01-02 08:00:00,USEP,162.99,0.0,5576.39,0.0
2023-01-02 08:30:00,USEP,177.41,0.0,5642.287,0.0
2023-01-02 09:00:00,USEP,181.23,0.0,5707.806,0.0
2023-01-02 09:30:00,USEP,181.34,0.0,5758.336,0.0
2023-01-02 10:00:00,USEP,181.36,0.0,5804.607,0.0
2023-01-02 10:30:00,USEP,181.36,0.0,5819.895,0.0
2023-01-02 11:00:00,USEP,170.44,0.0,5822.753,0.0
2023-01-02 11:30:00,USEP,164.68,0.0,5801.461,0.0
2023-01-02 12:00:00,USEP,124.9,0.0,5729.535,0.0
2023-01-02 12:30:00,USEP,123.3,0.0,5686.083,0.0
2023-01-02 13:00:00,USEP,123.29,0.0,5690.864,0.0
2023-01-02 13:30:00,USEP,130.84,0.0,5739.719,0.0
2023-01-02 14:00:00,USEP,143.78,0.0,5774.166,0.0
2023-01-02 14:30:00,USEP,149.55,0.0,5777.307,0.0
2023-01-02 15:00:00,USEP,170.42,0.0,5843.97,0.0
2023-01-02 15:30:00,USEP,191.88,0.0,5902.481,0.0
2023-01-02 16:00:00,USEP,227.62,0.0,5979.591,0.0
2023-01-02 16:30:00,USEP,230.6,0.0,6005.082,0.0
2023-01-02 17:00:00,USEP,232.44,0.0,6060.418,0.0
2023-01-02 17:30:00,USEP,232.22,0.0,6068.3,0.0
2023-01-02 18:00:00,USEP,247.05,0.0,6150.047,0.0
2023-01-02 18:30:00,USEP,251.32,0.0,6247.871,0.0
2023-01-02 19:00:00,USEP,280.92,0.0,6299.748,0.0
2023-01-02 19:30:00,USEP,281.0,0.0,6314.002,0.0
2023-01-02 20:00:00,USEP,280.99,0.0,6306.095,0.0
2023-01-02 20:30:00,USEP,251.31,0.0,6257.787,0.0
2023-01-02 21:00:00,USEP,372.52,0.0,6199.797,0.0
2023-01-02 21:30:00,USEP,329.13,0.0,6145.952,0.0
2023-01-02 22:00:00,USEP,245.96,0.0,6055.299,0.0
2023-01-02 22:30:00,USEP,236.07,0.0,5974.526,0.0
2023-01-02 23:00:00,USEP,194.61,0.0,5825.093,0.0
2023-01-02 23:30:00,USEP,181.68,0.0,5733.367,0.0
2023-01-03 00:00:00,USEP,120.63,0.0,5609.888,0.0
2023-01-03 00:30:00,USEP,113.04,0.0,5491.015,0.0
2023-01-03 01:00:00,USEP,113.02,0.0,5412.166,0.0
2023-01-03 01:30:00,USEP,112.06,0.0,5341.299,0.0
2023-01-03 02:00:00,USEP,109.44,0.0,5269.676,0.0
2023-01-03 02:30:00,USEP,106.67,0.0,5230.368,0.0
2023-01-03 03:00:00,USEP,107.67,0.0,5191.801,0.0
2023-01-03 03:30:00,USEP,105.63,0.0,5179.669,0.0
2023-01-03 04:00:00,USEP,105.61,0.0,5173.939,0.0
2023-01-03 04:30:00,USEP,105.63,0.0,5192.895,0.0
2023-01-03 05:00:00,USEP,112.04,0.0,5292.98,0.0
2023-01-03 05:30:00,USEP,131.53,0.0,5458.735,0.0
2023-01-03 06:00:00,USEP,156.25,0.0,5649.101,0.0
2023-01-03 06:30:00,USEP,181.59,0.0,5820.173,0.0
2023-01-03 07:00:00,USEP,207.86,0.0,6003.83,0.0
2023-01-03 07:30:00,USEP,278.29,0.0,6238.359,0.0
2023-01-03 08:00:00,USEP,232.53,0.0,6461.467,0.0
2023-01-03 08:30:00,USEP,307.83,0.0,6592.536,0.0
2023-01-03 09:00:00,USEP,250.88,0.0,6667.449,0.0
2023-01-03 09:30:00,USEP,251.87,0.0,6720.026,0.0
2023-01-03 10:00:00,USEP,251.88,0.0,6745.105,0.0
2023-01-03 10:30:00,USEP,251.77,0.0,6745.577,0.0
2023-01-03 11:00:00,USEP,251.65,0.0,6729.469,0.0
2023-01-03 11:30:00,USEP,250.17,0.0,6680.421,0.0
2023-01-03 12:00:00,USEP,232.48,0.0,6636.257,0.0
2023-01-03 12:30:00,USEP,232.49,0.0,6644.994,0.0
2023-01-03 13:00:00,USEP,251.78,0.0,6736.805,0.0
2023-01-03 13:30:00,USEP,251.8,0.0,6747.197,0.0
2023-01-03 14:00:00,USEP,251.76,0.0,6755.796,0.0
2023-01-03 14:30:00,USEP,253.57,0.0,6784.174,0.0
2023-01-03 15:00:00,USEP,282.02,0.0,6821.802,0.0
2023-01-03 15:30:00,USEP,379.78,0.0,6866.726,0.0
2023-01-03 16:00:00,USEP,354.27,0.0,6864.052,0.0
2023-01-03 16:30:00,USEP,404.99,0.0,6893.688,0.0
2023-01-03 17:00:00,USEP,304.29,0.0,6839.595,0.0
2023-01-03 17:30:00,USEP,251.7,0.0,6749.673,0.0
2023-01-03 18:00:00,USEP,250.81,0.0,6697.492,0.0
2023-01-03 18:30:00,USEP,250.8,0.0,6689.864,0.0
2023-01-03 19:00:00,USEP,250.81,0.0,6691.553,0.0
2023-01-03 19:30:00,USEP,250.37,0.0,6668.105,0.0
2023-01-03 20:00:00,USEP,250.25,0.0,6638.18,0.0
2023-01-03 20:30:00,USEP,232.57,0.0,6600.751,0.0
2023-01-03 21:00:00,USEP,231.22,0.0,6509.517,0.0
2023-01-03 21:30:00,USEP,230.23,0.0,6339.553,0.0
2023-01-03 22:00:00,USEP,207.87,0.0,6181.169,0.0
2023-01-03 22:30:00,USEP,179.11,0.0,6052.372,0.0
2023-01-03 23:00:00,USEP,125.92,0.0,5909.285,0.0
2023-01-03 23:30:00,USEP,112.09,0.0,5722.791,0.0
2023-01-04 00:00:00,USEP,110.57,0.0,5539.338,0.0
2023-01-04 00:30:00,USEP,98.67,0.0,5440.381,0.0
2023-01-04 01:00:00,USEP,110.56,0.0,5490.692,0.0
2023-01-04 01:30:00,USEP,104.04,0.0,5430.302,0.0
2023-01-04 02:00:00,USEP,110.52,0.0,5387.077,0.0
2023-01-04 02:30:00,USEP,101.32,0.0,5329.097,0.0
2023-01-04 03:00:00,USEP,110.5,0.0,5318.477,0.0
2023-01-04 03:30:00,USEP,106.67,0.0,5308.049,0.0
2023-01-04 04:00:00,USEP,106.66,0.0,5294.486,0.0
2023-01-04 04:30:00,USEP,110.52,0.0,5313.82,0.0
2023-01-04 05:00:00,USEP,109.43,0.0,5395.01,0.0
2023-01-04 05:30:00,USEP,110.7,0.0,5539.815,0.0
2023-01-04 06:00:00,USEP,135.28,0.0,5722.801,0.0
2023-01-04 06:30:00,USEP,204.25,0.0,5904.574,0.0
2023-01-04 07:00:00,USEP,232.34,0.0,6095.914,0.0
2023-01-04 07:30:00,USEP,354.15,0.0,6295.519,0.0
2023-01-04 08:00:00,USEP,301.63,0.0,6498.24,0.0
2023-01-04 08:30:00,USEP,303.74,0.0,6627.157,0.0
2023-01-04 09:00:00,USEP,303.76,0.0,6701.563,0.0
2023-01-04 09:30:00,USEP,303.86,2851.38,6705.687,35.0
2023-01-04 10:00:00,USEP,303.77,2825.08,6728.082,35.0
2023-01-04 10:30:00,USEP,301.78,2420.04,6713.978,43.0
2023-01-04 11:00:00,USEP,301.81,13.58,6695.753,43.0
2023-01-04 11:30:00,USEP,301.58,0.0,6679.258,0.0
2023-01-04 12:00:00,USEP,300.75,47.01,6637.131,35.0
2023-01-04 12:30:00,USEP,301.57,0.0,6661.982,0.0
2023-01-04 13:00:00,USEP,301.8,0.0,6729.32,0.0
2023-01-04 13:30:00,USEP,301.8,0.0,6742.68,0.0
2023-01-04 14:00:00,USEP,301.8,0.0,6770.199,0.0
2023-01-04 14:30:00,USEP,303.89,0.0,6776.247,0.0
2023-01-04 15:00:00,USEP,322.9,0.0,6791.033,0.0
2023-01-04 15:30:00,USEP,354.24,0.0,6806.485,0.0
2023-01-04 16:00:00,USEP,301.75,0.0,6819.426,0.0
2023-01-04 16:30:00,USEP,301.66,0.0,6805.436,0.0
2023-01-04 17:00:00,USEP,301.76,2.61,6711.828,8.0
2023-01-04 17:30:00,USEP,301.31,8.5,6642.218,8.0
2023-01-04 18:00:00,USEP,300.74,0.0,6636.038,0.0
2023-01-04 18:30:00,USEP,301.68,0.0,6708.093,0.0
2023-01-04 19:00:00,USEP,303.88,0.0,6727.685,0.0
2023-01-04 19:30:00,USEP,303.47,0.0,6709.903,0.0
2023-01-04 20:00:00,USEP,301.59,0.0,6665.575,0.0
2023-01-04 20:30:00,USEP,300.76,0.0,6603.579,0.0
2023-01-04 21:00:00,USEP,300.86,0.0,6537.334,0.0
2023-01-04 21:30:00,USEP,263.04,0.0,6404.943,0.0
2023-01-04 22:00:00,USEP,202.87,0.0,6235.765,0.0
2023-01-04 22:30:00,USEP,168.86,0.0,6088.931,0.0
2023-01-04 23:00:00,USEP,121.37,0.0,5941.61,0.0
2023-01-04 23:30:00,USEP,104.86,0.0,5724.62,0.0
2023-01-05 00:00:00,USEP,97.97,0.0,5530.184,0.0
2023-01-05 00:30:00,USEP,110.55,0.0,5437.985,0.0
2023-01-05 01:00:00,USEP,110.68,0.0,5465.285,0.0
2023-01-05 01:30:00,USEP,110.58,0.0,5408.245,0.0
2023-01-05 02:00:00,USEP,110.51,0.0,5338.312,0.0
2023-01-05 02:30:00,USEP,106.77,0.0,5289.894,0.0
2023-01-05 03:00:00,USEP,106.83,0.0,5271.485,0.0
2023-01-05 03:30:00,USEP,110.48,0.0,5274.214,0.0
2023-01-05 04:00:00,USEP,110.48,0.0,5279.015,0.0
2023-01-05 04:30:00,USEP,110.53,0.0,5300.147,0.0
2023-01-05 05:00:00,USEP,113.73,0.0,5396.714,0.0
2023-01-05 05:30:00,USEP,113.78,0.0,5542.057,0.0
2023-01-05 06:00:00,USEP,185.7,0.0,5730.435,0.0
2023-01-05 06:30:00,USEP,268.4,0.0,5917.058,0.0
2023-01-05 07:00:00,USEP,207.84,0.0,6115.023,0.0
2023-01-05 07:30:00,USEP,250.57,0.0,6320.593,0.0
2023-01-05 08:00:00,USEP,280.41,0.0,6513.652,0.0
2023-01-05 08:30:00,USEP,300.84,0.0,6623.151,0.0
2023-01-05 09:00:00,USEP,350.77,0.0,6689.645,0.0
2023-01-05 09:30:00,USEP,487.64,0.0,6724.251,0.0
2023-01-05 10:00:00,USEP,354.22,0.0,6755.423,0.0
2023-01-05 10:30:00,USEP,354.22,0.0,6751.168,0.0
2023-01-05 11:00:00,USEP,323.92,0.0,6725.106,0.0
2023-01-05 11:30:00,USEP,283.35,0.0,6668.368,0.0
2023-01-05 12:00:00,USEP,280.65,0.0,6639.06,0.0
2023-01-05 12:30:00,USEP,280.47,0.0,6619.96,0.0
2023-01-05 13:00:00,USEP,303.87,0.0,6694.356,0.0
2023-01-05 13:30:00,USEP,316.19,0.0,6716.214,0.0
2023-01-05 14:00:00,USEP,491.18,1720.99,6780.463,8.0
2023-01-05 14:30:00,USEP,536.66,1531.74,6817.997,8.0
2023-01-05 15:00:00,USEP,549.61,0.0,6866.723,8.0
2023-01-05 15:30:00,USEP,549.59,0.0,6864.64,8.0
2023-01-05 16:00:00,USEP,549.59,0.0,6875.409,0.0
2023-01-05 16:30:00,USEP,549.57,0.0,6875.304,0.0
2023-01-05 17:00:00,USEP,549.61,0.0,6826.996,0.0
2023-01-05 17:30:00,USEP,536.3,0.0,6725.444,0.0
2023-01-05 18:00:00,USEP,289.62,0.0,6645.645,0.0
2023-01-05 18:30:00,USEP,268.52,0.0,6634.786,0.0
2023-01-05 19:00:00,USEP,326.28,0.0,6672.354,0.0
2023-01-05 19:30:00,USEP,310.76,0.0,6658.756,0.0
2023-01-05 20:00:00,USEP,315.68,0.0,6637.331,0.0
2023-01-05 20:30:00,USEP,270.63,0.0,6590.483,0.0
2023-01-05 21:00:00,USEP,270.62,0.0,6518.99,0.0
2023-01-05 21:30:00,USEP,220.41,0.0,6389.472,0.0
2023-01-05 22:00:00,USEP,206.64,0.0,6224.537,0.0
2023-01-05 22:30:00,USEP,200.49,0.0,6089.463,0.0
2023-01-05 23:00:00,USEP,181.57,0.0,5942.758,0.0
2023-01-05 23:30:00,USEP,125.91,0.0,5830.232,0.0
2023-01-06 00:00:00,USEP,194.04,0.0,5730.062,0.0
2023-01-06 00:30:00,USEP,168.71,0.0,5614.047,0.0
2023-01-06 01:00:00,USEP,120.69,0.0,5498.231,0.0
2023-01-06 01:30:00,USEP,120.79,0.0,5441.504,0.0
2023-01-06 02:00:00,USEP,120.62,0.0,5395.402,0.0
2023-01-06 02:30:00,USEP,119.09,0.0,5350.031,0.0
2023-01-06 03:00:00,USEP,120.41,0.0,5319.008,0.0
2023-01-06 03:30:00,USEP,116.5,0.0,5287.036,0.0
2023-01-06 04:00:00,USEP,116.35,0.0,5276.177,0.0
2023-01-06 04:30:00,USEP,120.41,0.0,5320.007,0.0
2023-01-06 05:00:00,USEP,167.88,0.0,5430.893,0.0
2023-01-06 05:30:00,USEP,198.36,0.0,5607.726,0.0
2023-01-06 06:00:00,USEP,207.69,0.0,5804.716,0.0
2023-01-06 06:30:00,USEP,220.57,0.0,5960.884,0.0
2023-01-06 07:00:00,USEP,234.69,0.0,6137.88,0.0
2023-01-06 07:30:00,USEP,234.7,0.0,6326.666,0.0
2023-01-06 08:00:00,USEP,253.87,0.0,6494.413,0.0
2023-01-06 08:30:00,USEP,299.2,0.0,6595.21,0.0
2023-01-06 09:00:00,USEP,301.55,0.0,6660.521,0.0
2023-01-06 09:30:00,USEP,324.16,0.0,6700.509,0.0
2023-01-06 10:00:00,USEP,268.41,0.0,6698.655,0.0
2023-01-06 10:30:00,USEP,268.42,0.0,6678.994,0.0
2023-01-06 11:00:00,USEP,261.25,0.0,6647.291,0.0
2023-01-06 11:30:00,USEP,261.27,0.0,6651.629,0.0
2023-01-06 12:00:00,USEP,252.01,0.0,6611.308,0.0
2023-01-06 12:30:00,USEP,267.81,0.0,6644.348,0.0
2023-01-06 13:00:00,USEP,300.82,0.0,6713.382,0.0
2023-01-06 13:30:00,USEP,330.82,0.0,6803.011,0.0
2023-01-06 14:00:00,USEP,335.92,0.0,6814.496,0.0
2023-01-06 14:30:00,USEP,311.69,0.0,6792.814,8.0
2023-01-06 15:00:00,USEP,311.89,0.0,6798.162,8.0
2023-01-06 15:30:00,USEP,311.25,177.71,6798.266,8.0
2023-01-06 16:00:00,USEP,303.88,2145.49,6786.154,8.0
2023-01-06 16:30:00,USEP,301.81,0.0,6773.449,0.0
2023-01-06 17:00:00,USEP,335.89,0.0,6811.455,0.0
2023-01-06 17:30:00,USEP,354.09,0.0,6814.635,0.0
2023-01-06 18:00:00,USEP,335.9,0.0,6811.887,0.0
2023-01-06 18:30:00,USEP,311.9,0.0,6800.854,0.0
2023-01-06 19:00:00,USEP,425.16,0.0,6801.788,0.0
2023-01-06 19:30:00,USEP,799.79,0.0,6758.45,0.0
2023-01-06 20:00:00,USEP,799.78,0.0,6737.163,0.0
2023-01-06 20:30:00,USEP,325.85,0.0,6705.504,0.0
2023-01-06 21:00:00,USEP,310.82,0.0,6598.361,0.0
2023-01-06 21:30:00,USEP,263.17,0.0,6436.751,0.0
2023-01-06 22:00:00,USEP,257.63,0.0,6268.467,0.0
2023-01-06 22:30:00,USEP,246.26,0.0,6139.292,0.0
2023-01-06 23:00:00,USEP,250.52,0.0,6015.435,0.0
2023-01-06 23:30:00,USEP,250.5,0.0,5945.094,0.0
2023-01-07 00:00:00,USEP,327.44,0.0,5856.658,0.0
2023-01-07 00:30:00,USEP,281.19,0.0,5767.635,0.0
2023-01-07 01:00:00,USEP,216.78,0.0,5652.53,0.0
2023-01-07 01:30:00,USEP,181.36,0.0,5578.755,0.0
2023-01-07 02:00:00,USEP,181.3,0.0,5511.69,0.0
2023-01-07 02:30:00,USEP,164.03,0.0,5459.217,0.0
2023-01-07 03:00:00,USEP,162.23,0.0,5420.004,0.0
2023-01-07 03:30:00,USEP,160.84,0.0,5384.274,0.0
2023-01-07 04:00:00,USEP,160.76,0.0,5372.615,0.0
2023-01-07 04:30:00,USEP,160.82,0.0,5377.451,0.0
2023-01-07 05:00:00,USEP,161.0,0.0,5410.814,0.0
2023-01-07 05:30:00,USEP,181.28,0.0,5480.151,0.0
2023-01-07 06:00:00,USEP,162.25,0.0,5558.359,0.0
2023-01-07 06:30:00,USEP,181.32,0.0,5621.97,0.0
2023-01-07 07:00:00,USEP,216.74,0.0,5703.965,0.0
2023-01-07 07:30:00,USEP,286.34,0.0,5838.498,0.0
2023-01-07 08:00:00,USEP,250.62,0.0,5999.232,0.0
2023-01-07 08:30:00,USEP,250.65,0.0,6080.676,0.0
2023-01-07 09:00:00,USEP,251.3,0.0,6152.582,0.0
2023-01-07 09:30:00,USEP,251.3,0.0,6205.786,0.0
2023-01-07 10:00:00,USEP,251.29,0.0,6235.094,0.0
2023-01-07 10:30:00,USEP,251.29,0.0,6282.264,0.0
2023-01-07 11:00:00,USEP,250.59,0.0,6265.003,0.0
2023-01-07 11:30:00,USEP,246.26,0.0,6227.266,0.0
2023-01-07 12:00:00,USEP,207.58,0.0,6155.603,0.0
2023-01-07 12:30:00,USEP,216.7,0.0,6162.875,0.0
2023-01-09 01:00:00,USEP,99999.0,9.99,9999.268,9.999
2023-01-07 13:30:00,USEP,194.04,0.0,6136.509,0.0
2023-01-07 14:00:00,USEP,181.56,0.0,6148.988,0.0
2023-01-07 14:30:00,USEP,207.51,0.0,6190.244,0.0
2023-01-07 15:00:00,USEP,207.63,0.0,6187.014,0.0
2023-01-07 15:30:00,USEP,194.09,0.0,6140.102,0.0
2023-01-07 16:00:00,USEP,191.76,0.0,6137.518,0.0
2023-01-07 16:30:00,USEP,232.25,0.0,6212.57,0.0
2023-01-07 17:00:00,USEP,242.15,0.0,6273.04,0.0
2023-01-07 17:30:00,USEP,250.46,0.0,6289.207,0.0
2023-01-07 18:00:00,USEP,250.74,0.0,6336.248,0.0
2023-01-07 18:30:00,USEP,251.36,0.0,6381.063,0.0
2023-01-07 19:00:00,USEP,251.29,0.0,6412.398,0.0
2023-01-07 19:30:00,USEP,250.75,0.0,6406.221,0.0
2023-01-07 20:00:00,USEP,248.97,0.0,6417.254,0.0
2023-01-07 20:30:00,USEP,249.02,0.0,6419.053,0.0
2023-01-07 21:00:00,USEP,244.38,0.0,6380.834,0.0
2023-01-07 21:30:00,USEP,250.65,0.0,6278.566,0.0
2023-01-07 22:00:00,USEP,241.35,0.0,6150.937,0.0
2023-01-07 22:30:00,USEP,207.61,0.0,6063.127,0.0
2023-01-07 23:00:00,USEP,202.74,0.0,5969.462,0.0
2023-01-07 23:30:00,USEP,181.44,0.0,5837.19,0.0
2023-01-08 00:00:00,USEP,203.98,0.0,5700.848,0.0
2023-01-08 00:30:00,USEP,185.33,0.0,5600.892,0.0
2023-01-08 01:00:00,USEP,232.04,0.0,5575.028,0.0
2023-01-08 01:30:00,USEP,207.47,0.0,5479.932,0.0
2023-01-08 02:00:00,USEP,207.43,0.0,5413.334,0.0
2023-01-08 02:30:00,USEP,185.27,0.0,5338.217,0.0
2023-01-08 03:00:00,USEP,160.8,0.0,5264.413,0.0
2023-01-08 03:30:00,USEP,154.01,0.0,5237.466,0.0
2023-01-08 04:00:00,USEP,160.8,0.0,5241.934,0.0
2023-01-08 04:30:00,USEP,160.8,0.0,5254.841,0.0
2023-01-08 05:00:00,USEP,181.21,0.0,5289.974,0.0
2023-01-08 05:30:00,USEP,200.73,0.0,5347.337,0.0
2023-01-08 06:00:00,USEP,117.93,0.0,5405.571,0.0
2023-01-08 06:30:00,USEP,120.42,0.0,5451.2,0.0
2023-01-08 07:00:00,USEP,130.63,0.0,5478.476,0.0
2023-01-08 07:30:00,USEP,139.96,0.0,5547.708,0.0
2023-01-08 08:00:00,USEP,160.89,0.0,5635.543,0.0
2023-01-08 08:30:00,USEP,181.14,0.0,5695.207,0.0
2023-01-08 09:00:00,USEP,154.08,0.0,5725.977,0.0
2023-01-08 09:30:00,USEP,144.52,0.0,5747.323,0.0
2023-01-08 10:00:00,USEP,154.1,0.0,5794.831,0.0
2023-01-08 10:30:00,USEP,161.04,0.0,5831.813,0.0
2023-01-08 11:00:00,USEP,142.56,0.0,5806.58,0.0
2023-01-08 11:30:00,USEP,130.9,0.0,5786.019,0.0
2023-01-08 12:00:00,USEP,125.53,0.0,5767.879,0.0
2023-01-08 12:30:00,USEP,142.58,0.0,5795.925,0.0
2023-01-08 13:00:00,USEP,161.04,0.0,5822.146,0.0
2023-01-08 13:30:00,USEP,145.9,0.0,5796.62,0.0
2023-01-08 14:00:00,USEP,144.5,0.0,5812.241,0.0
2023-01-08 14:30:00,USEP,161.04,0.0,5836.256,0.0
2023-01-08 15:00:00,USEP,161.28,0.0,5862.016,0.0
2023-01-08 15:30:00,USEP,181.47,0.0,5905.811,0.0
2023-01-08 16:00:00,USEP,191.73,0.0,5928.892,0.0
2023-01-08 16:30:00,USEP,200.95,0.0,5973.468,0.0
2023-01-08 17:00:00,USEP,207.46,0.0,5999.451,0.0
2023-01-08 17:30:00,USEP,207.75,0.0,6045.443,0.0
2023-01-08 18:00:00,USEP,282.97,0.0,6104.606,0.0
2023-01-08 18:30:00,USEP,350.72,0.0,6203.037,0.0
2023-01-08 19:00:00,USEP,450.14,0.0,6292.507,0.0
2023-01-08 19:30:00,USEP,452.24,0.0,6324.941,0.0
2023-01-08 20:00:00,USEP,501.22,0.0,6352.222,0.0
2023-01-08 20:30:00,USEP,502.53,0.0,6364.706,0.0
2023-01-08 21:00:00,USEP,837.46,0.0,6342.366,0.0
2023-01-08 21:30:00,USEP,501.06,0.0,6273.323,0.0
2023-01-08 22:00:00,USEP,362.12,0.0,6166.234,0.0
2023-01-08 22:30:00,USEP,324.16,0.0,6082.341,0.0
2023-01-08 23:00:00,USEP,292.37,0.0,5984.894,0.0
2023-01-08 23:30:00,USEP,232.1,0.0,5870.47,0.0
2023-01-09 00:00:00,USEP,206.76,0.0,5748.953,0.0
2023-01-09 00:30:00,USEP,182.87,0.0,5637.546,0.0
2023-01-09 01:00:00,USEP,181.13,0.0,5562.956,0.0
2023-01-09 01:30:00,USEP,133.95,0.0,5489.668,0.0
2023-01-09 02:00:00,USEP,122.01,0.0,5421.534,0.0
2023-01-09 02:30:00,USEP,121.86,0.0,5387.53,0.0
2023-01-09 03:00:00,USEP,121.83,0.0,5348.734,0.0
2023-01-09 03:30:00,USEP,106.01,0.0,5342.238,0.0
2023-01-09 04:00:00,USEP,125.05,0.0,5330.161,0.0
2023-01-09 04:30:00,USEP,121.69,0.0,5335.484,0.0
2023-01-09 05:00:00,USEP,181.08,0.0,5441.892,0.0
2023-01-09 05:30:00,USEP,206.44,0.0,5608.486,0.0
2023-01-09 06:00:00,USEP,251.28,0.0,5817.504,0.0
2023-01-09 06:30:00,USEP,416.2,0.0,6026.746,0.0
2023-01-09 07:00:00,USEP,500.34,0.0,6232.246,0.0
2023-01-09 07:30:00,USEP,882.35,0.0,6459.126,0.0
2023-01-09 08:00:00,USEP,1080.93,0.0,6664.159,0.0
2023-01-09 08:30:00,USEP,1079.3,0.0,6795.908,0.0
2023-01-09 09:00:00,USEP,3852.2,0.0,6874.514,0.0
2023-01-09 09:30:00,USEP,3956.49,4500.0,6880.405,8.0
2023-01-09 10:00:00,USEP,928.66,4500.0,6897.944,8.0
2023-01-09 10:30:00,USEP,1301.07,194.71,6871.752,8.0
2023-01-09 11:00:00,USEP,1100.45,0.0,6850.469,0.0
2023-01-09 11:30:00,USEP,899.96,0.0,6809.745,0.0
2023-01-09 12:00:00,USEP,882.37,0.0,6749.295,0.0
2023-01-09 12:30:00,USEP,882.38,0.0,6762.803,0.0
2023-01-09 13:00:00,USEP,899.89,0.0,6815.083,0.0
2023-01-09 13:30:00,USEP,928.15,0.0,6875.235,0.0
2023-01-09 14:00:00,USEP,1100.75,0.0,6925.352,0.0
2023-01-09 14:30:00,USEP,1076.89,4.3,6872.769,5.0
2023-01-09 15:00:00,USEP,1078.05,0.0,6878.917,5.0
2023-01-09 15:30:00,USEP,1078.06,0.0,6876.86,0.0
2023-01-09 16:00:00,USEP,1078.08,0.0,6875.602,0.0
2023-01-09 16:30:00,USEP,1078.06,0.0,6880.587,0.0
2023-01-09 17:00:00,USEP,1078.12,0.0,6881.074,0.0
2023-01-09 17:30:00,USEP,899.48,0.0,6829.436,0.0
2023-01-09 18:00:00,USEP,838.42,0.0,6773.643,0.0
2023-01-09 18:30:00,USEP,1078.03,0.0,6835.683,0.0
2023-01-09 19:00:00,USEP,1079.04,0.0,6855.663,0.0
2023-01-09 19:30:00,USEP,3333.98,0.0,6828.059,0.0
2023-01-09 20:00:00,USEP,3960.68,0.0,6777.41,0.0
2023-01-09 20:30:00,USEP,936.48,0.0,6708.814,0.0
2023-01-09 21:00:00,USEP,3333.03,0.0,6649.09,0.0
2023-01-09 21:30:00,USEP,3336.62,0.0,6518.21,0.0
2023-01-09 22:00:00,USEP,451.3,0.0,6364.03,0.0
2023-01-09 22:30:00,USEP,362.09,0.0,6211.337,0.0
2023-01-09 23:00:00,USEP,287.2,0.0,6067.316,0.0
2023-01-09 23:30:00,USEP,206.61,0.0,5939.558,0.0
2023-01-10 00:00:00,USEP,260.77,0.0,5804.279,0.0
2023-01-10 00:30:00,USEP,201.53,0.0,5698.269,0.0
2023-01-10 01:00:00,USEP,201.46,0.0,5649.563,0.0
2023-01-10 01:30:00,USEP,193.64,0.0,5588.576,0.0
2023-01-10 02:00:00,USEP,178.05,0.0,5530.77,0.0
2023-01-10 02:30:00,USEP,193.8,0.0,5491.393,0.0
2023-01-10 03:00:00,USEP,193.79,0.0,5471.07,0.0
2023-01-10 03:30:00,USEP,201.4,0.0,5500.14,0.0
2023-01-10 04:00:00,USEP,193.62,0.0,5494.892,0.0
2023-01-10 04:30:00,USEP,136.36,0.0,5496.005,0.0
2023-01-10 05:00:00,USEP,120.79,0.0,5579.725,0.0
2023-01-10 05:30:00,USEP,201.26,0.0,5751.905,0.0
2023-01-10 06:00:00,USEP,202.41,0.0,5946.232,0.0
2023-01-10 06:30:00,USEP,202.49,0.0,6129.074,0.0
2023-01-10 07:00:00,USEP,207.8,0.0,6320.513,0.0
2023-01-10 07:30:00,USEP,405.77,0.0,6545.694,0.0
2023-01-10 08:00:00,USEP,454.34,0.0,6732.382,0.0
2023-01-10 08:30:00,USEP,504.49,0.0,6822.518,0.0
2023-01-10 09:00:00,USEP,392.73,0.0,6855.553,0.0
2023-01-10 09:30:00,USEP,504.78,0.0,6937.966,0.0
2023-01-10 10:00:00,USEP,308.85,0.0,6977.607,0.0
2023-01-10 10:30:00,USEP,306.08,0.0,6960.624,0.0
2023-01-10 11:00:00,USEP,308.51,0.0,6942.18,0.0
2023-01-10 11:30:00,USEP,308.38,0.0,6913.384,0.0
2023-01-10 12:00:00,USEP,312.9,0.0,6853.844,0.0
2023-01-10 12:30:00,USEP,307.55,0.0,6879.211,0.0
2023-01-10 13:00:00,USEP,312.87,0.0,6948.477,0.0
2023-01-10 13:30:00,USEP,308.32,0.0,6935.342,0.0
2023-01-10 14:00:00,USEP,302.92,0.0,6928.632,0.0
2023-01-10 14:30:00,USEP,307.52,0.0,6935.521,0.0
2023-01-10 15:00:00,USEP,333.02,0.0,7004.35,0.0
2023-01-10 15:30:00,USEP,333.1,0.0,7019.439,0.0
2023-01-10 16:00:00,USEP,308.87,0.0,6986.493,0.0
2023-01-10 16:30:00,USEP,307.51,0.0,6965.5,0.0
2023-01-10 17:00:00,USEP,302.59,0.0,6876.552,0.0
2023-01-10 17:30:00,USEP,281.41,0.0,6825.659,0.0
2023-01-10 18:00:00,USEP,290.69,0.0,6818.706,0.0
2023-01-10 18:30:00,USEP,292.25,0.0,6833.884,0.0
2023-01-10 19:00:00,USEP,302.57,0.0,6833.283,0.0
2023-01-10 19:30:00,USEP,292.28,0.0,6809.715,0.0
2023-01-10 20:00:00,USEP,302.7,0.0,6792.907,0.0
2023-01-10 20:30:00,USEP,289.08,0.0,6741.691,0.0
2023-01-10 21:00:00,USEP,251.27,0.0,6673.552,0.0
2023-01-10 21:30:00,USEP,250.66,0.0,6537.97,0.0
2023-01-10 22:00:00,USEP,250.62,0.0,6400.967,0.0
2023-01-10 22:30:00,USEP,267.29,0.0,6313.709,0.0
2023-01-10 23:00:00,USEP,251.61,0.0,6245.362,0.0
2023-01-10 23:30:00,USEP,251.28,0.0,6166.592,0.0
2023-01-11 00:00:00,USEP,251.65,0.0,6062.217,0.0
2023-01-11 00:30:00,USEP,207.75,0.0,5947.589,0.0
2023-01-11 01:00:00,USEP,201.48,0.0,5846.425,0.0
2023-01-11 01:30:00,USEP,177.07,0.0,5751.423,0.0
2023-01-11 02:00:00,USEP,171.84,0.0,5704.352,0.0
2023-01-11 02:30:00,USEP,167.21,0.0,5672.211,0.0
2023-01-11 03:00:00,USEP,136.69,0.0,5610.628,0.0
2023-01-11 03:30:00,USEP,119.93,0.0,5533.27,0.0
2023-01-11 04:00:00,USEP,108.13,0.0,5489.738,0.0
2023-01-11 04:30:00,USEP,120.48,0.0,5542.628,0.0
2023-01-11 05:00:00,USEP,148.15,0.0,5656.968,0.0
2023-01-11 05:30:00,USEP,201.46,0.0,5821.679,0.0
2023-01-11 06:00:00,USEP,201.52,0.0,5948.061,0.0
2023-01-11 06:30:00,USEP,202.56,0.0,6107.618,0.0
2023-01-11 07:00:00,USEP,241.72,0.0,6329.071,0.0
2023-01-11 07:30:00,USEP,308.54,0.0,6555.385,0.0
2023-01-11 08:00:00,USEP,285.63,0.0,6687.1,0.0
2023-01-11 08:30:00,USEP,313.61,0.0,6791.937,0.0
2023-01-11 09:00:00,USEP,302.9,0.0,6840.281,0.0
2023-01-11 09:30:00,USEP,309.82,0.0,6872.337,0.0
2023-01-11 10:00:00,USEP,302.69,0.0,6909.592,0.0
2023-01-11 10:30:00,USEP,302.88,0.0,6930.451,0.0
2023-01-11 11:00:00,USEP,313.16,0.0,6958.626,0.0
2023-01-11 11:30:00,USEP,308.77,0.0,6960.853,0.0
2023-01-11 12:00:00,USEP,330.72,0.0,6948.184,0.0
2023-01-11 12:30:00,USEP,308.77,0.0,6923.637,0.0
2023-01-11 13:00:00,USEP,308.76,0.0,6952.449,0.0
2023-01-11 13:30:00,USEP,308.79,0.0,6957.672,0.0
2023-01-11 14:00:00,USEP,302.71,0.0,6924.92,0.0
2023-01-11 14:30:00,USEP,292.4,0.0,6874.718,0.0
2023-01-11 15:00:00,USEP,261.99,0.0,6845.216,0.0
2023-01-11 15:30:00,USEP,250.33,0.0,6817.011,0.0
2023-01-11 16:00:00,USEP,223.32,0.0,6775.641,0.0
2023-01-11 16:30:00,USEP,244.25,0.0,6799.114,0.0
2023-01-11 17:00:00,USEP,250.36,0.0,6797.643,0.0
2023-01-11 17:30:00,USEP,223.3,0.0,6754.767,0.0
2023-01-11 18:00:00,USEP,213.18,0.0,6688.899,0.0
2023-01-11 18:30:00,USEP,213.18,0.0,6712.273,0.0
2023-01-11 19:00:00,USEP,244.3,0.0,6747.625,0.0
2023-01-11 19:30:00,USEP,236.21,0.0,6720.235,0.0
2023-01-11 20:00:00,USEP,223.36,0.0,6685.545,0.0
2023-01-11 20:30:00,USEP,202.72,0.0,6646.53,0.0
2023-01-11 21:00:00,USEP,208.2,0.0,6568.238,0.0
2023-01-11 21:30:00,USEP,201.87,0.0,6429.033,0.0
2023-01-11 22:00:00,USEP,201.62,0.0,6281.23,0.0
2023-01-11 22:30:00,USEP,201.02,0.0,6155.41,0.0
2023-01-11 23:00:00,USEP,200.48,0.0,6073.206,0.0
2023-01-11 23:30:00,USEP,200.98,0.0,6017.318,0.0
2023-01-12 00:00:00,USEP,201.59,0.0,5934.19,0.0
2023-01-12 00:30:00,USEP,177.1,0.0,5841.514,0.0
2023-01-12 01:00:00,USEP,146.71,0.0,5739.122,0.0
2023-01-12 01:30:00,USEP,120.51,0.0,5632.024,0.0
2023-01-12 02:00:00,USEP,106.2,0.0,5539.194,0.0
2023-01-12 02:30:00,USEP,100.5,0.0,5457.075,0.0
2023-01-12 03:00:00,USEP,100.32,0.0,5398.936,0.0
2023-01-12 03:30:00,USEP,95.64,0.0,5341.572,0.0
2023-01-12 04:00:00,USEP,100.3,0.0,5381.089,0.0
2023-01-12 04:30:00,USEP,100.31,0.0,5405.983,0.0
2023-01-12 05:00:00,USEP,100.41,0.0,5476.463,0.0
2023-01-12 05:30:00,USEP,120.9,0.0,5657.431,0.0
2023-01-12 06:00:00,USEP,201.0,0.0,5874.644,0.0
2023-01-12 06:30:00,USEP,201.62,0.0,6042.268,0.0
2023-01-12 07:00:00,USEP,202.11,0.0,6207.838,0.0
2023-01-12 07:30:00,USEP,245.8,0.0,6415.689,0.0
2023-01-12 08:00:00,USEP,251.35,0.0,6556.066,0.0
2023-01-12 08:30:00,USEP,260.38,0.0,6639.135,0.0
2023-01-12 09:00:00,USEP,251.73,0.0,6698.104,0.0
2023-01-12 09:30:00,USEP,290.63,0.0,6807.936,0.0
2023-01-12 10:00:00,USEP,302.7,0.0,6894.951,0.0
2023-01-12 10:30:00,USEP,302.87,2262.66,6912.261,10.0
2023-01-12 11:00:00,USEP,302.89,0.0,6895.984,10.0
2023-01-12 11:30:00,USEP,292.19,126.86,6810.47,10.0
2023-01-12 12:00:00,USEP,260.32,0.0,6712.576,0.0
2023-01-12 12:30:00,USEP,241.61,0.0,6654.512,0.0
2023-01-12 13:00:00,USEP,250.61,0.0,6691.951,0.0
2023-01-12 13:30:00,USEP,260.39,0.0,6790.412,0.0
2023-01-12 14:00:00,USEP,290.6,0.0,6815.386,0.0
2023-01-12 14:30:00,USEP,260.35,0.0,6787.922,0.0
2023-01-12 15:00:00,USEP,292.38,0.0,6843.566,0.0
2023-01-12 15:30:00,USEP,302.35,0.0,6866.86,0.0
2023-01-12 16:00:00,USEP,302.65,0.0,6896.804,0.0
2023-01-12 16:30:00,USEP,325.79,2160.34,6889.938,8.0
2023-01-12 17:00:00,USEP,312.68,3044.05,6870.714,8.0
2023-01-12 17:30:00,USEP,302.7,0.0,6798.14,0.0
2023-01-12 18:00:00,USEP,262.06,0.0,6775.283,0.0
2023-01-12 18:30:00,USEP,290.68,0.0,6815.609,0.0
2023-01-12 19:00:00,USEP,302.68,0.0,6866.149,0.0
2023-01-12 19:30:00,USEP,302.69,0.0,6861.622,0.0
2023-01-12 20:00:00,USEP,302.6,0.0,6818.333,0.0
2023-01-12 20:30:00,USEP,292.29,0.0,6778.663,0.0
2023-01-12 21:00:00,USEP,302.75,0.0,6701.17,0.0
2023-01-12 21:30:00,USEP,281.0,0.0,6576.13,0.0
2023-01-12 22:00:00,USEP,272.74,0.0,6415.763,0.0
2023-01-12 22:30:00,USEP,250.4,0.0,6273.119,0.0
2023-01-12 23:00:00,USEP,222.42,0.0,6140.738,0.0
2023-01-12 23:30:00,USEP,201.61,0.0,5973.289,0.0
2023-01-13 00:00:00,USEP,152.83,0.0,5819.124,0.0
2023-01-13 00:30:00,USEP,124.24,0.0,5711.37,0.0
2023-01-13 01:00:00,USEP,146.7,0.0,5676.212,0.0
2023-01-13 01:30:00,USEP,120.9,0.0,5622.998,0.0
2023-01-13 02:00:00,USEP,111.18,0.0,5566.504,0.0
2023-01-13 02:30:00,USEP,111.15,0.0,5516.65,0.0
2023-01-13 03:00:00,USEP,110.77,0.0,5484.574,0.0
2023-01-13 03:30:00,USEP,106.88,0.0,5468.809,0.0
2023-01-13 04:00:00,USEP,109.44,0.0,5472.293,0.0
2023-01-13 04:30:00,USEP,106.86,0.0,5456.31,0.0
2023-01-13 05:00:00,USEP,120.5,0.0,5541.52,0.0
2023-01-13 05:30:00,USEP,161.88,0.0,5700.138,0.0
2023-01-13 06:00:00,USEP,201.47,0.0,5893.565,0.0
2023-01-13 06:30:00,USEP,202.55,0.0,6082.067,0.0
2023-01-13 07:00:00,USEP,213.07,0.0,6261.867,0.0
2023-01-13 07:30:00,USEP,261.94,0.0,6485.736,0.0
2023-01-13 08:00:00,USEP,302.7,0.0,6684.63,0.0
2023-01-13 08:30:00,USEP,350.78,0.0,6812.25,0.0
2023-01-13 09:00:00,USEP,302.89,0.0,6870.389,0.0
2023-01-13 09:30:00,USEP,302.9,0.0,6907.947,0.0
2023-01-13 10:00:00,USEP,302.98,0.0,6928.438,0.0
2023-01-13 10:30:00,USEP,302.96,0.0,6932.27,0.0
2023-01-13 11:00:00,USEP,304.33,0.0,6929.676,0.0
2023-01-13 11:30:00,USEP,302.65,0.0,6882.918,0.0
2023-01-13 12:00:00,USEP,302.67,0.0,6852.059,0.0
2023-01-13 12:30:00,USEP,302.5,0.0,6839.674,0.0
2023-01-13 13:00:00,USEP,302.69,0.0,6900.278,0.0
2023-01-13 13:30:00,USEP,333.01,0.0,6947.071,0.0
2023-01-13 14:00:00,USEP,353.82,0.0,7011.278,0.0
2023-01-13 14:30:00,USEP,353.83,0.0,7020.329,0.0
2023-01-13 15:00:00,USEP,385.95,0.0,7038.082,0.0
2023-01-13 15:30:00,USEP,392.93,0.0,7044.935,0.0
2023-01-13 16:00:00,USEP,379.8,1867.88,7026.966,7.0
2023-01-13 16:30:00,USEP,400.97,0.0,6994.741,7.0
2023-01-13 17:00:00,USEP,350.53,84.08,6919.719,7.0
2023-01-13 17:30:00,USEP,302.35,0.0,6807.722,0.0
2023-01-13 18:00:00,USEP,302.71,0.0,6745.97,0.0
2023-01-13 18:30:00,USEP,258.95,0.0,6729.628,0.0
2023-01-13 19:00:00,USEP,250.36,0.0,6720.002,0.0
2023-01-13 19:30:00,USEP,241.5,0.0,6677.836,0.0
2023-01-13 20:00:00,USEP,223.34,0.0,6638.966,0.0
2023-01-13 20:30:00,USEP,202.71,0.0,6600.458,0.0
2023-01-13 21:00:00,USEP,250.4,0.0,6537.225,0.0
2023-01-13 21:30:00,USEP,202.66,0.0,6429.411,0.0
2023-01-13 22:00:00,USEP,213.14,0.0,6291.473,0.0
2023-01-13 22:30:00,USEP,201.81,0.0,6187.481,0.0
2023-01-13 23:00:00,USEP,194.01,0.0,6072.426,0.0
2023-01-13 23:30:00,USEP,146.76,0.0,5897.069,0.0
2023-01-14 00:00:00,USEP,142.39,0.0,5726.986,0.0
2023-01-14 00:30:00,USEP,125.59,0.0,5621.388,0.0
2023-01-14 01:00:00,USEP,169.03,0.0,5650.04,0.0
2023-01-14 01:30:00,USEP,146.68,0.0,5582.205,0.0
2023-01-14 02:00:00,USEP,167.15,0.0,5514.429,0.0
2023-01-14 02:30:00,USEP,141.02,0.0,5465.295,0.0
2023-01-14 03:00:00,USEP,125.52,0.0,5420.466,0.0
2023-01-14 03:30:00,USEP,116.83,0.0,5376.367,0.0
2023-01-14 04:00:00,USEP,116.71,0.0,5365.781,0.0
2023-01-14 04:30:00,USEP,119.43,0.0,5375.627,0.0
2023-01-14 05:00:00,USEP,125.49,0.0,5424.014,0.0
2023-01-14 05:30:00,USEP,140.99,0.0,5470.653,0.0
2023-01-14 06:00:00,USEP,141.02,0.0,5560.54,0.0
2023-01-14 06:30:00,USEP,168.32,0.0,5636.646,0.0
2023-01-14 07:00:00,USEP,169.03,0.0,5727.607,0.0
2023-01-14 07:30:00,USEP,202.49,0.0,5892.949,0.0
2023-01-14 08:00:00,USEP,194.16,0.0,6076.382,0.0
2023-01-14 08:30:00,USEP,201.8,0.0,6202.997,0.0
2023-01-14 09:00:00,USEP,206.61,0.0,6283.685,0.0
2023-01-14 09:30:00,USEP,206.64,0.0,6347.982,0.0
2023-01-14 10:00:00,USEP,206.73,0.0,6387.499,0.0
2023-01-14 10:30:00,USEP,206.65,0.0,6388.334,0.0
2023-01-14 11:00:00,USEP,202.9,0.0,6380.973,0.0
2023-01-14 11:30:00,USEP,197.88,0.0,6323.53,0.0
2023-01-14 12:00:00,USEP,195.41,0.0,6268.373,0.0
2023-01-14 12:30:00,USEP,195.17,0.0,6239.358,0.0
2023-01-14 13:00:00,USEP,195.37,0.0,6246.803,0.0
2023-01-14 13:30:00,USEP,194.17,0.0,6226.535,0.0
2023-01-14 14:00:00,USEP,194.25,0.0,6223.021,0.0
2023-01-14 14:30:00,USEP,194.25,0.0,6207.605,0.0
2023-01-14 15:00:00,USEP,194.63,0.0,6213.762,0.0
2023-01-14 15:30:00,USEP,195.2,0.0,6218.206,0.0
2023-01-14 16:00:00,USEP,195.42,0.0,6243.538,0.0
2023-01-14 16:30:00,USEP,195.42,0.0,6252.344,0.0
2023-01-14 17:00:00,USEP,195.97,0.0,6273.845,0.0
2023-01-14 17:30:00,USEP,195.96,0.0,6287.935,0.0
2023-01-14 18:00:00,USEP,197.93,0.0,6336.929,0.0
2023-01-14 18:30:00,USEP,206.73,0.0,6392.111,0.0
2023-01-14 19:00:00,USEP,206.83,0.0,6437.293,0.0
2023-01-14 19:30:00,USEP,202.98,0.0,6427.875,0.0
2023-01-14 20:00:00,USEP,202.91,0.0,6418.79,0.0
2023-01-14 20:30:00,USEP,206.72,0.0,6449.614,0.0
2023-01-14 21:00:00,USEP,197.96,0.0,6392.538,0.0
2023-01-14 21:30:00,USEP,195.98,0.0,6276.807,0.0
2023-01-14 22:00:00,USEP,202.6,0.0,6174.549,0.0
2023-01-14 22:30:00,USEP,195.98,0.0,6092.494,0.0
2023-01-14 23:00:00,USEP,195.48,0.0,6005.157,0.0
2023-01-14 23:30:00,USEP,177.22,0.0,5890.857,0.0
2023-01-15 00:00:00,USEP,187.64,0.0,5797.023,0.0
2023-01-15 00:30:00,USEP,177.12,0.0,5739.838,0.0
2023-01-15 01:00:00,USEP,187.54,0.0,5709.963,0.0
2023-01-15 01:30:00,USEP,146.68,0.0,5599.818,0.0
2023-01-15 02:00:00,USEP,123.47,0.0,5489.743,0.0
2023-01-15 02:30:00,USEP,115.97,0.0,5415.232,0.0
2023-01-15 03:00:00,USEP,107.71,0.0,5358.44,0.0
2023-01-15 03:30:00,USEP,105.44,0.0,5336.294,0.0
2023-01-15 04:00:00,USEP,105.35,0.0,5324.903,0.0
2023-01-15 04:30:00,USEP,105.42,0.0,5333.734,0.0
2023-01-15 05:00:00,USEP,105.43,0.0,5358.589,0.0
2023-01-15 05:30:00,USEP,125.52,0.0,5422.837,0.0
2023-01-15 06:00:00,USEP,146.66,0.0,5492.705,0.0
2023-01-15 06:30:00,USEP,125.82,0.0,5515.87,0.0
2023-01-15 07:00:00,USEP,115.96,0.0,5536.903,0.0
2023-01-15 07:30:00,USEP,136.75,0.0,5613.744,0.0
2023-01-15 08:00:00,USEP,125.64,0.0,5660.492,0.0
2023-01-15 08:30:00,USEP,125.54,0.0,5702.016,0.0
2023-01-15 09:00:00,USEP,146.69,0.0,5805.164,0.0
2023-01-15 09:30:00,USEP,177.14,0.0,5922.401,0.0
2023-01-15 10:00:00,USEP,192.2,0.0,6018.332,0.0
2023-01-15 10:30:00,USEP,188.91,0.0,6029.569,0.0
2023-01-15 11:00:00,USEP,168.33,0.0,5985.739,0.0
2023-01-15 11:30:00,USEP,146.13,0.0,5908.57,0.0
2023-01-15 12:00:00,USEP,114.28,0.0,5853.661,0.0
2023-01-15 12:30:00,USEP,125.69,0.0,5868.715,0.0
2023-01-15 13:00:00,USEP,146.12,0.0,5887.045,0.0
2023-01-15 13:30:00,USEP,160.51,0.0,5932.361,0.0
2023-01-15 14:00:00,USEP,157.16,0.0,5939.563,0.0
2023-01-15 14:30:00,USEP,177.14,0.0,5984.68,0.0
2023-01-15 15:00:00,USEP,187.57,0.0,6001.315,0.0
2023-01-15 15:30:00,USEP,177.17,0.0,5981.32,0.0
2023-01-15 16:00:00,USEP,188.88,0.0,6036.9,0.0
2023-01-15 16:30:00,USEP,192.27,0.0,6086.237,0.0
2023-01-15 17:00:00,USEP,206.71,0.0,6203.688,0.0
2023-01-15 17:30:00,USEP,223.29,0.0,6264.63,0.0
2023-01-15 18:00:00,USEP,241.46,0.0,6328.226,0.0
2023-01-15 18:30:00,USEP,206.84,0.0,6349.737,0.0
2023-01-15 19:00:00,USEP,223.35,0.0,6385.913,0.0
2023-01-15 19:30:00,USEP,241.51,0.0,6437.845,0.0
2023-01-15 20:00:00,USEP,300.74,0.0,6515.516,0.0
2023-01-15 20:30:00,USEP,300.75,0.0,6504.483,0.0
2023-01-15 21:00:00,USEP,261.93,0.0,6471.154,0.0
2023-01-15 21:30:00,USEP,251.25,0.0,6380.456,0.0
2023-01-15 22:00:00,USEP,241.44,0.0,6250.302,0.0
2023-01-15 22:30:00,USEP,206.41,0.0,6090.029,0.0
2023-01-15 23:00:00,USEP,194.2,0.0,5932.078,0.0
2023-01-15 23:30:00,USEP,146.78,0.0,5796.546,0.0
2023-01-16 00:00:00,USEP,105.5,0.0,5685.431,0.0
2023-01-16 00:30:00,USEP,105.41,0.0,5582.12,0.0
2023-01-16 01:00:00,USEP,105.48,0.0,5573.666,0.0
2023-01-16 01:30:00,USEP,105.43,0.0,5504.275,0.0
2023-01-16 02:00:00,USEP,103.39,0.0,5439.262,0.0
2023-01-16 02:30:00,USEP,98.85,0.0,5390.606,0.0
2023-01-16 03:00:00,USEP,101.14,0.0,5372.053,0.0
2023-01-16 03:30:00,USEP,97.01,0.0,5338.371,0.0
2023-01-16 04:00:00,USEP,95.02,0.0,5312.204,0.0
2023-01-16 04:30:00,USEP,96.99,0.0,5332.547,0.0
2023-01-16 05:00:00,USEP,105.38,0.0,5437.851,0.0
2023-01-16 05:30:00,USEP,120.16,0.0,5603.884,0.0
2023-01-16 06:00:00,USEP,143.72,0.0,5809.91,0.0
2023-01-16 06:30:00,USEP,187.65,0.0,6013.074,0.0
2023-01-16 07:00:00,USEP,206.63,0.0,6241.579,0.0
2023-01-16 07:30:00,USEP,261.3,0.0,6467.029,0.0
2023-01-16 08:00:00,USEP,307.77,0.0,6684.178,0.0
2023-01-16 08:30:00,USEP,392.68,0.0,6834.331,0.0
2023-01-16 09:00:00,USEP,307.92,0.0,6905.124,0.0
2023-01-16 09:30:00,USEP,312.67,0.0,6947.951,0.0
2023-01-16 10:00:00,USEP,309.68,0.0,6950.351,0.0
2023-01-16 10:30:00,USEP,307.93,498.97,6935.226,8.5
2023-01-16 11:00:00,USEP,307.69,5.6,6880.825,8.5
2023-01-16 11:30:00,USEP,307.63,8.36,6852.51,8.5
2023-01-16 12:00:00,USEP,302.6,0.0,6819.441,0.0
2023-01-16 12:30:00,USEP,307.59,0.0,6838.243,0.0
2023-01-16 13:00:00,USEP,307.84,0.0,6908.017,0.0
2023-01-16 13:30:00,USEP,307.88,0.0,6913.414,0.0
2023-01-16 14:00:00,USEP,307.83,0.0,6937.742,0.0
2023-01-16 14:30:00,USEP,307.86,0.0,6932.042,0.0
2023-01-16 15:00:00,USEP,307.86,0.0,6955.53,0.0
2023-01-16 15:30:00,USEP,312.94,2604.31,6997.704,8.5
2023-01-16 16:00:00,USEP,336.68,1970.5,7021.481,8.5
2023-01-16 16:30:00,USEP,312.9,2871.74,6980.94,8.5
2023-01-16 17:00:00,USEP,307.94,0.0,6933.597,0.0
2023-01-16 17:30:00,USEP,293.22,0.0,6836.488,0.0
2023-01-16 18:00:00,USEP,293.08,0.0,6800.163,0.0
2023-01-16 18:30:00,USEP,307.74,0.0,6824.451,0.0
2023-01-16 19:00:00,USEP,307.77,0.0,6851.314,0.0
2023-01-16 19:30:00,USEP,307.78,0.0,6824.953,0.0
2023-01-16 20:00:00,USEP,300.85,0.0,6782.922,0.0
2023-01-16 20:30:00,USEP,292.27,0.0,6733.674,0.0
2023-01-16 21:00:00,USEP,292.3,0.0,6655.859,0.0
2023-01-16 21:30:00,USEP,251.23,0.0,6529.382,0.0
2023-01-16 22:00:00,USEP,250.56,0.0,6367.191,0.0
2023-01-16 22:30:00,USEP,206.73,0.0,6227.435,0.0
2023-01-16 23:00:00,USEP,202.95,0.0,6091.868,0.0
2023-01-16 23:30:00,USEP,142.16,0.0,5886.746,0.0
2023-01-17 00:00:00,USEP,119.82,0.0,5690.262,0.0
2023-01-17 00:30:00,USEP,105.88,0.0,5580.53,0.0
2023-01-17 01:00:00,USEP,123.58,0.0,5618.113,0.0
2023-01-17 01:30:00,USEP,119.22,0.0,5551.823,0.0
2023-01-17 02:00:00,USEP,105.84,0.0,5493.301,0.0
2023-01-17 02:30:00,USEP,105.85,0.0,5442.458,0.0
2023-01-17 03:00:00,USEP,105.48,0.0,5403.767,0.0
2023-01-17 03:30:00,USEP,105.42,0.0,5384.637,0.0
2023-01-17 04:00:00,USEP,105.42,0.0,5362.734,0.0
2023-01-17 04:30:00,USEP,105.41,0.0,5376.367,0.0
2023-01-17 05:00:00,USEP,118.75,0.0,5484.45,0.0
2023-01-17 05:30:00,USEP,146.69,0.0,5641.094,0.0
2023-01-17 06:00:00,USEP,177.09,0.0,5824.423,0.0
2023-01-17 06:30:00,USEP,177.22,0.0,5998.656,0.0
2023-01-17 07:00:00,USEP,202.86,0.0,6206.695,0.0
2023-01-17 07:30:00,USEP,241.5,0.0,6420.798,0.0
2023-01-17 08:00:00,USEP,261.93,0.0,6620.388,0.0
2023-01-17 08:30:00,USEP,292.22,0.0,6727.208,0.0
2023-01-17 09:00:00,USEP,280.6,0.0,6778.817,0.0
2023-01-17 09:30:00,USEP,292.2,0.0,6828.407,0.0
2023-01-17 10:00:00,USEP,281.65,0.0,6823.984,0.0
2023-01-17 10:30:00,USEP,262.04,0.0,6810.421,0.0
2023-01-17 11:00:00,USEP,255.89,0.0,6761.61,0.0
2023-01-17 11:30:00,USEP,251.84,0.0,6721.94,0.0
2023-01-17 12:00:00,USEP,150.16,0.0,6626.431,0.0
2023-01-17 12:30:00,USEP,141.49,0.0,6615.761,0.0
2023-01-17 13:00:00,USEP,187.97,0.0,6662.315,0.0
2023-01-17 13:30:00,USEP,202.74,0.0,6716.831,0.0
2023-01-17 14:00:00,USEP,202.03,0.0,6704.674,0.0
2023-01-17 14:30:00,USEP,121.82,0.0,6696.603,0.0
2023-01-17 15:00:00,USEP,202.04,0.0,6733.967,0.0
2023-01-17 15:30:00,USEP,208.1,0.0,6754.136,0.0
2023-01-17 16:00:00,USEP,211.13,0.0,6777.047,0.0
2023-01-17 16:30:00,USEP,208.11,0.0,6797.091,0.0
2023-01-17 17:00:00,USEP,251.9,0.0,6804.313,0.0
2023-01-17 17:30:00,USEP,213.28,0.0,6767.878,0.0
2023-01-17 18:00:00,USEP,213.2,0.0,6745.478,0.0
2023-01-17 18:30:00,USEP,261.94,0.0,6785.551,0.0
2023-01-17 19:00:00,USEP,308.19,0.0,6794.542,0.0
2023-01-17 19:30:00,USEP,302.56,0.0,6772.5,0.0
2023-01-17 20:00:00,USEP,3343.12,0.0,6737.108,0.0
2023-01-17 20:30:00,USEP,4500.0,0.0,6678.785,0.0
2023-01-17 21:00:00,USEP,261.95,0.0,6602.108,0.0
2023-01-17 21:30:00,USEP,207.29,0.0,6481.775,0.0
2023-01-17 22:00:00,USEP,207.27,0.0,6336.969,0.0
2023-01-17 22:30:00,USEP,206.97,0.0,6195.821,0.0
2023-01-17 23:00:00,USEP,167.39,0.0,6057.655,0.0
2023-01-17 23:30:00,USEP,123.43,0.0,5891.518,0.0
2023-01-18 00:00:00,USEP,126.22,0.0,5728.516,0.0
2023-01-18 00:30:00,USEP,124.6,0.0,5616.18,0.0
2023-01-18 01:00:00,USEP,126.19,0.0,5599.108,0.0
2023-01-18 01:30:00,USEP,110.6,0.0,5532.047,0.0
2023-01-18 02:00:00,USEP,110.53,0.0,5476.055,0.0
2023-01-18 02:30:00,USEP,105.97,0.0,5412.181,0.0
2023-01-18 03:00:00,USEP,105.74,0.0,5361.805,0.0
2023-01-18 03:30:00,USEP,105.64,0.0,5343.734,0.0
2023-01-18 04:00:00,USEP,105.64,0.0,5339.947,0.0
2023-01-18 04:30:00,USEP,105.65,0.0,5350.707,0.0
2023-01-18 05:00:00,USEP,108.45,0.0,5443.457,0.0
2023-01-18 05:30:00,USEP,125.88,0.0,5604.416,0.0
2023-01-18 06:00:00,USEP,140.26,0.0,5794.006,0.0
2023-01-18 06:30:00,USEP,164.88,0.0,5974.034,0.0
2023-01-18 07:00:00,USEP,202.9,0.0,6170.156,0.0
2023-01-18 07:30:00,USEP,207.76,0.0,6383.354,0.0
2023-01-18 08:00:00,USEP,230.53,0.0,6591.239,0.0
2023-01-18 08:30:00,USEP,285.72,0.0,6711.652,0.0
2023-01-18 09:00:00,USEP,251.77,0.0,6764.662,0.0
2023-01-18 09:30:00,USEP,292.25,0.0,6810.172,0.0
2023-01-18 10:00:00,USEP,300.7,0.0,6823.621,0.0
2023-01-18 10:30:00,USEP,292.27,0.0,6802.991,0.0
2023-01-18 11:00:00,USEP,300.44,0.0,6804.74,0.0
2023-01-18 11:30:00,USEP,262.19,0.0,6777.49,0.0
2023-01-18 12:00:00,USEP,251.86,0.0,6714.55,0.0
2023-01-18 12:30:00,USEP,250.38,0.0,6695.231,0.0
2023-01-18 13:00:00,USEP,260.55,0.0,6772.748,0.0
2023-01-18 13:30:00,USEP,292.55,0.0,6801.455,0.0
2023-01-18 14:00:00,USEP,260.6,0.0,6782.634,0.0
2023-01-18 14:30:00,USEP,255.93,0.0,6780.979,0.0
2023-01-18 15:00:00,USEP,262.06,0.0,6800.133,0.0
2023-01-18 15:30:00,USEP,308.25,0.0,6812.96,0.0
2023-01-18 16:00:00,USEP,312.63,0.0,6815.878,0.0
2023-01-18 16:30:00,USEP,351.69,0.0,6868.451,0.0
2023-01-18 17:00:00,USEP,300.72,0.0,6838.695,0.0
2023-01-18 17:30:00,USEP,251.78,0.0,6762.43,0.0
2023-01-18 18:00:00,USEP,250.4,0.0,6730.13,0.0
2023-01-18 18:30:00,USEP,250.41,0.0,6755.656,0.0
2023-01-18 19:00:00,USEP,261.96,0.0,6774.214,0.0
2023-01-18 19:30:00,USEP,261.32,0.0,6754.215,0.0
2023-01-18 20:00:00,USEP,251.95,0.0,6703.387,0.0
2023-01-18 20:30:00,USEP,223.39,0.0,6647.141,0.0
2023-01-18 21:00:00,USEP,220.52,0.0,6572.393,0.0
2023-01-18 21:30:00,USEP,204.64,0.0,6438.158,0.0
2023-01-18 22:00:00,USEP,202.84,0.0,6281.747,0.0
2023-01-18 22:30:00,USEP,194.28,0.0,6140.559,0.0
2023-01-18 23:00:00,USEP,192.7,0.0,6012.08,0.0
2023-01-18 23:30:00,USEP,133.75,0.0,5861.285,0.0
2023-01-19 00:00:00,USEP,127.94,0.0,5715.162,0.0
2023-01-19 00:30:00,USEP,117.88,0.0,5605.032,0.0
2023-01-19 01:00:00,USEP,123.13,0.0,5567.886,0.0
2023-01-19 01:30:00,USEP,113.96,0.0,5505.016,0.0
2023-01-19 02:00:00,USEP,110.48,0.0,5449.342,0.0
2023-01-19 02:30:00,USEP,107.79,0.0,5379.916,0.0
2023-01-19 03:00:00,USEP,107.75,0.0,5330.434,0.0
2023-01-19 03:30:00,USEP,107.65,0.0,5316.747,0.0
2023-01-19 04:00:00,USEP,107.65,0.0,5314.327,0.0
2023-01-19 04:30:00,USEP,107.75,0.0,5325.435,0.0
2023-01-19 05:00:00,USEP,110.48,0.0,5422.568,0.0
2023-01-19 05:30:00,USEP,130.8,0.0,5578.497,0.0
2023-01-19 06:00:00,USEP,146.73,0.0,5765.613,0.0
2023-01-19 06:30:00,USEP,164.77,0.0,5940.502,0.0
2023-01-19 07:00:00,USEP,164.78,0.0,6135.107,0.0
2023-01-19 07:30:00,USEP,208.69,0.0,6345.612,0.0
2023-01-19 08:00:00,USEP,223.35,0.0,6544.431,0.0
2023-01-19 08:30:00,USEP,286.52,0.0,6663.96,0.0
2023-01-19 09:00:00,USEP,250.38,0.0,6708.993,0.0
2023-01-19 09:30:00,USEP,260.67,0.0,6743.738,0.0
2023-01-19 10:00:00,USEP,261.93,0.0,6767.758,0.0
2023-01-19 10:30:00,USEP,251.94,0.0,6751.834,0.0
2023-01-19 11:00:00,USEP,251.25,0.0,6736.373,0.0
2023-01-19 11:30:00,USEP,251.27,0.0,6721.602,0.0
2023-01-19 12:00:00,USEP,251.92,0.0,6713.799,0.0
2023-01-19 12:30:00,USEP,251.77,0.0,6746.154,0.0
2023-01-19 13:00:00,USEP,251.24,0.0,6756.263,0.0
2023-01-19 13:30:00,USEP,251.78,0.0,6784.189,0.0
2023-01-19 14:00:00,USEP,300.67,0.0,6841.245,0.0
2023-01-19 14:30:00,USEP,250.54,0.0,6813.184,0.0
2023-01-19 15:00:00,USEP,250.53,0.0,6809.139,0.0
2023-01-19 15:30:00,USEP,251.34,0.0,6839.321,0.0
2023-01-19 16:00:00,USEP,251.53,0.0,6834.913,0.0
2023-01-19 16:30:00,USEP,245.73,0.0,6814.427,0.0
2023-01-19 17:00:00,USEP,241.79,0.0,6759.772,0.0
2023-01-19 17:30:00,USEP,208.63,0.0,6679.496,0.0
2023-01-19 18:00:00,USEP,194.55,0.0,6617.709,0.0
2023-01-19 18:30:00,USEP,202.92,0.0,6634.493,0.0
2023-01-19 19:00:00,USEP,205.89,0.0,6659.338,0.0
2023-01-19 19:30:00,USEP,205.89,0.0,6644.771,0.0
2023-01-19 20:00:00,USEP,203.0,0.0,6590.046,0.0
2023-01-19 20:30:00,USEP,194.53,0.0,6534.849,0.0
2023-01-19 21:00:00,USEP,164.91,0.0,6462.496,0.0
2023-01-19 21:30:00,USEP,134.0,0.0,6331.497,0.0
2023-01-19 22:00:00,USEP,128.13,0.0,6184.082,0.0
2023-01-19 22:30:00,USEP,117.94,0.0,6054.066,0.0
2023-01-19 23:00:00,USEP,119.26,0.0,5937.624,0.0
2023-01-19 23:30:00,USEP,107.89,0.0,5805.243,0.0
2023-01-20 00:00:00,USEP,122.65,0.0,5693.538,0.0
2023-01-20 00:30:00,USEP,113.79,0.0,5594.48,0.0
2023-01-20 01:00:00,USEP,110.65,0.0,5526.869,0.0
2023-01-20 01:30:00,USEP,102.63,0.0,5466.906,0.0
2023-01-20 02:00:00,USEP,102.4,0.0,5384.896,0.0
2023-01-20 02:30:00,USEP,100.96,0.0,5318.983,0.0
2023-01-20 03:00:00,USEP,100.03,0.0,5290.202,0.0
2023-01-20 03:30:00,USEP,100.02,0.0,5284.536,0.0
2023-01-20 04:00:00,USEP,100.02,0.0,5289.149,0.0
2023-01-20 04:30:00,USEP,100.96,0.0,5307.185,0.0
2023-01-20 05:00:00,USEP,102.52,0.0,5392.708,0.0
2023-01-20 05:30:00,USEP,113.76,0.0,5545.879,0.0
2023-01-20 06:00:00,USEP,122.57,0.0,5729.212,0.0
2023-01-20 06:30:00,USEP,146.9,0.0,5901.259,0.0
2023-01-20 07:00:00,USEP,162.71,0.0,6082.44,0.0
2023-01-20 07:30:00,USEP,202.85,0.0,6285.504,0.0
2023-01-20 08:00:00,USEP,213.39,0.0,6485.249,0.0
2023-01-20 08:30:00,USEP,229.53,0.0,6606.835,0.0
2023-01-20 09:00:00,USEP,229.73,0.0,6662.002,0.0
2023-01-20 09:30:00,USEP,230.22,0.0,6689.734,0.0
2023-01-20 10:00:00,USEP,241.82,0.0,6691.976,0.0
2023-01-20 10:30:00,USEP,229.75,0.0,6682.677,0.0
2023-01-20 11:00:00,USEP,241.84,0.0,6682.175,0.0
2023-01-20 11:30:00,USEP,223.62,0.0,6642.196,0.0
2023-01-20 12:00:00,USEP,229.6,0.0,6643.126,0.0
2023-01-20 12:30:00,USEP,229.63,0.0,6642.653,0.0
2023-01-20 13:00:00,USEP,281.4,0.0,6741.462,0.0
2023-01-20 13:30:00,USEP,251.92,0.0,6755.925,0.0
2023-01-20 14:00:00,USEP,250.59,0.0,6722.288,0.0
2023-01-20 14:30:00,USEP,241.73,0.0,6707.199,0.0
2023-01-20 15:00:00,USEP,250.55,0.0,6721.463,0.0
2023-01-20 15:30:00,USEP,203.63,0.0,6692.03,0.0
2023-01-20 16:00:00,USEP,202.3,0.0,6665.824,0.0
2023-01-20 16:30:00,USEP,201.5,0.0,6620.736,0.0
2023-01-20 17:00:00,USEP,194.56,0.0,6583.729,0.0
2023-01-20 17:30:00,USEP,181.23,0.0,6509.368,0.0
2023-01-20 18:00:00,USEP,181.35,0.0,6510.347,0.0
2023-01-20 18:30:00,USEP,181.37,0.0,6531.196,0.0
2023-01-20 19:00:00,USEP,187.98,0.0,6538.005,0.0
2023-01-20 19:30:00,USEP,180.82,0.0,6492.241,0.0
2023-01-20 20:00:00,USEP,180.59,0.0,6450.25,0.0
2023-01-20 20:30:00,USEP,177.5,0.0,6403.1,0.0
2023-01-20 21:00:00,USEP,167.64,0.0,6348.693,0.0
2023-01-20 21:30:00,USEP,140.38,0.0,6235.526,0.0
2023-01-20 22:00:00,USEP,140.9,0.0,6106.858,0.0
2023-01-20 22:30:00,USEP,128.13,0.0,6000.067,0.0
2023-01-20 23:00:00,USEP,118.41,0.0,5890.658,0.0
2023-01-20 23:30:00,USEP,104.58,0.0,5721.986,0.0
2023-01-21 00:00:00,USEP,123.7,0.0,5575.018,0.0
2023-01-21 00:30:00,USEP,113.94,0.0,5485.841,0.0
2023-01-21 01:00:00,USEP,111.09,0.0,5441.27,0.0
2023-01-21 01:30:00,USEP,110.12,0.0,5340.866,0.0
2023-01-21 02:00:00,USEP,107.74,0.0,5288.701,0.0
2023-01-21 02:30:00,USEP,107.75,0.0,5268.757,0.0
2023-01-21 03:00:00,USEP,107.5,0.0,5222.426,0.0
2023-01-21 03:30:00,USEP,106.83,0.0,5188.074,0.0
2023-01-21 04:00:00,USEP,107.74,0.0,5184.068,0.0
2023-01-21 04:30:00,USEP,110.1,0.0,5197.233,0.0
2023-01-21 05:00:00,USEP,107.74,0.0,5226.094,0.0
2023-01-21 05:30:00,USEP,110.11,0.0,5293.487,0.0
2023-01-21 06:00:00,USEP,110.64,0.0,5368.097,0.0
2023-01-21 06:30:00,USEP,110.88,0.0,5434.789,0.0
2023-01-21 07:00:00,USEP,111.11,0.0,5505.771,0.0
2023-01-21 07:30:00,USEP,125.27,0.0,5632.948,0.0
2023-01-21 08:00:00,USEP,122.82,0.0,5755.23,0.0
2023-01-21 08:30:00,USEP,125.26,0.0,5793.107,0.0
2023-01-21 09:00:00,USEP,122.81,0.0,5806.088,0.0
2023-01-21 09:30:00,USEP,122.74,0.0,5832.25,0.0
2023-01-21 10:00:00,USEP,123.88,0.0,5890.32,0.0
2023-01-21 10:30:00,USEP,123.85,0.0,5889.584,0.0
2023-01-21 11:00:00,USEP,116.85,0.0,5865.057,0.0
2023-01-21 11:30:00,USEP,112.15,0.0,5802.246,0.0
2023-01-21 12:00:00,USEP,111.55,0.0,5755.961,0.0
2023-01-21 12:30:00,USEP,112.12,0.0,5793.256,0.0
2023-01-21 13:00:00,USEP,112.16,0.0,5832.33,0.0
2023-01-21 13:30:00,USEP,123.88,0.0,5887.149,0.0
2023-01-21 14:00:00,USEP,124.77,0.0,5906.214,0.0
2023-01-21 14:30:00,USEP,129.72,0.0,5972.032,0.0
2023-01-21 15:00:00,USEP,129.75,0.0,5958.165,0.0
2023-01-21 15:30:00,USEP,124.91,0.0,5880.539,0.0
2023-01-21 16:00:00,USEP,125.26,0.0,5878.839,0.0
2023-01-21 16:30:00,USEP,127.34,0.0,5936.839,0.0
2023-01-21 17:00:00,USEP,154.58,0.0,6060.015,0.0
2023-01-21 17:30:00,USEP,201.11,0.0,6130.197,0.0
2023-01-21 18:00:00,USEP,194.25,0.0,6126.887,0.0
2023-01-21 18:30:00,USEP,150.3,0.0,6135.356,0.0
2023-01-21 19:00:00,USEP,154.6,0.0,6152.582,0.0
2023-01-21 19:30:00,USEP,150.3,0.0,6138.392,0.0
2023-01-21 20:00:00,USEP,150.31,0.0,6132.99,0.0
2023-01-21 20:30:00,USEP,142.73,0.0,6110.143,0.0
2023-01-21 21:00:00,USEP,142.72,0.0,6051.711,0.0
2023-01-21 21:30:00,USEP,127.41,0.0,5996.061,0.0
2023-01-21 22:00:00,USEP,127.41,0.0,5974.124,0.0
2023-01-21 22:30:00,USEP,201.28,0.0,5946.893,0.0
2023-01-21 23:00:00,USEP,201.22,0.0,5891.617,0.0
2023-01-21 23:30:00,USEP,201.24,0.0,5838.13,0.0
2023-01-22 00:00:00,USEP,253.02,0.0,5765.061,0.0
2023-01-22 00:30:00,USEP,252.1,0.0,5677.077,0.0
2023-01-22 01:00:00,USEP,157.11,0.0,5534.965,0.0
2023-01-22 01:30:00,USEP,126.88,0.0,5422.509,0.0
2023-01-22 02:00:00,USEP,116.88,0.0,5358.664,0.0
2023-01-22 02:30:00,USEP,111.87,0.0,5293.636,0.0
2023-01-22 03:00:00,USEP,111.85,0.0,5246.526,0.0
2023-01-22 03:30:00,USEP,111.84,0.0,5195.727,0.0
2023-01-22 04:00:00,USEP,111.84,0.0,5166.131,0.0
2023-01-22 04:30:00,USEP,111.84,0.0,5163.865,0.0
2023-01-22 05:00:00,USEP,111.84,0.0,5188.66,0.0
2023-01-22 05:30:00,USEP,111.84,0.0,5233.609,0.0
2023-01-22 06:00:00,USEP,111.85,0.0,5277.444,0.0
2023-01-22 06:30:00,USEP,111.91,0.0,5316.205,0.0
2023-01-22 07:00:00,USEP,112.03,0.0,5357.074,0.0
2023-01-22 07:30:00,USEP,116.86,0.0,5406.172,0.0
2023-01-22 08:00:00,USEP,112.23,0.0,5457.323,0.0
2023-01-22 08:30:00,USEP,112.27,0.0,5495.647,0.0
2023-01-22 09:00:00,USEP,112.18,0.0,5520.92,0.0
2023-01-22 09:30:00,USEP,112.17,0.0,5545.859,0.0
2023-01-22 10:00:00,USEP,112.22,0.0,5551.609,0.0
2023-01-22 10:30:00,USEP,111.52,0.0,5544.691,0.0
2023-01-22 11:00:00,USEP,107.71,0.0,5526.898,0.0
2023-01-22 11:30:00,USEP,107.21,0.0,5488.177,0.0
2023-01-22 12:00:00,USEP,107.55,0.0,5506.338,0.0
2023-01-22 12:30:00,USEP,111.44,0.0,5551.122,0.0
2023-01-22 13:00:00,USEP,111.49,0.0,5577.558,0.0
2023-01-22 13:30:00,USEP,107.51,0.0,5510.135,0.0
2023-01-22 14:00:00,USEP,107.06,0.0,5512.938,0.0
2023-01-22 14:30:00,USEP,112.12,0.0,5638.505,0.0
2023-01-22 15:00:00,USEP,112.23,0.0,5677.186,0.0
2023-01-22 15:30:00,USEP,112.18,0.0,5685.71,0.0
2023-01-22 16:00:00,USEP,112.24,0.0,5703.676,0.0
2023-01-22 16:30:00,USEP,111.64,0.0,5693.443,0.0
2023-01-22 17:00:00,USEP,111.69,0.0,5697.618,0.0
2023-01-22 17:30:00,USEP,110.77,0.0,5715.843,0.0
2023-01-22 18:00:00,USEP,113.48,0.0,5751.016,0.0
2023-01-22 18:30:00,USEP,114.39,0.0,5831.162,0.0
2023-01-22 19:00:00,USEP,119.73,0.0,5901.363,0.0
2023-01-22 19:30:00,USEP,114.49,0.0,5924.489,0.0
2023-01-22 20:00:00,USEP,113.05,0.0,5916.01,0.0
2023-01-22 20:30:00,USEP,113.12,0.0,5906.696,0.0
2023-01-22 21:00:00,USEP,113.17,0.0,5915.309,0.0
2023-01-22 21:30:00,USEP,114.57,0.0,5889.922,0.0
2023-01-22 22:00:00,USEP,124.88,0.0,5834.656,0.0
2023-01-22 22:30:00,USEP,127.26,0.0,5766.895,0.0
2023-01-22 23:00:00,USEP,127.25,0.0,5684.06,0.0
2023-01-22 23:30:00,USEP,120.68,0.0,5590.569,0.0
2023-01-23 00:00:00,USEP,111.89,0.0,5491.398,0.0
2023-01-23 00:30:00,USEP,111.87,0.0,5403.732,0.0
2023-01-23 01:00:00,USEP,110.89,0.0,5308.715,0.0
2023-01-23 01:30:00,USEP,107.16,0.0,5239.787,0.0
2023-01-23 02:00:00,USEP,106.94,0.0,5190.524,0.0
2023-01-23 02:30:00,USEP,104.32,0.0,5141.997,0.0
2023-01-23 03:00:00,USEP,102.67,0.0,5103.305,0.0
2023-01-23 03:30:00,USEP,101.3,0.0,5064.768,0.0
2023-01-23 04:00:00,USEP,96.7,0.0,5053.904,0.0
2023-01-23 04:30:00,USEP,101.3,0.0,5064.455,0.0
2023-01-23 05:00:00,USEP,102.86,0.0,5097.49,0.0
2023-01-23 05:30:00,USEP,106.92,0.0,5144.437,0.0
2023-01-23 06:00:00,USEP,106.93,0.0,5200.678,0.0
2023-01-23 06:30:00,USEP,107.02,0.0,5250.74,0.0
2023-01-23 07:00:00,USEP,107.7,0.0,5293.721,0.0
2023-01-23 07:30:00,USEP,111.27,0.0,5376.203,0.0
2023-01-23 08:00:00,USEP,111.44,0.0,5462.472,0.0
2023-01-23 08:30:00,USEP,112.12,0.0,5528.727,0.0
2023-01-23 09:00:00,USEP,112.15,0.0,5587.264,0.0
2023-01-23 09:30:00,USEP,112.78,0.0,5650.463,0.0
2023-01-23 10:00:00,USEP,112.34,0.0,5684.438,0.0
2023-01-23 10:30:00,USEP,112.26,0.0,5694.909,0.0
2023-01-23 11:00:00,USEP,112.33,0.0,5689.686,0.0
2023-01-23 11:30:00,USEP,112.36,0.0,5686.838,0.0
2023-01-23 12:00:00,USEP,112.78,0.0,5722.637,0.0
2023-01-23 12:30:00,USEP,120.64,0.0,5729.391,0.0
2023-01-23 13:00:00,USEP,121.14,0.0,5760.22,0.0
2023-01-23 13:30:00,USEP,125.67,0.0,5802.321,0.0
2023-01-23 14:00:00,USEP,122.86,0.0,5781.233,0.0
2023-01-23 14:30:00,USEP,120.64,0.0,5761.299,0.0
2023-01-23 15:00:00,USEP,120.63,0.0,5755.016,0.0
2023-01-23 15:30:00,USEP,123.15,0.0,5802.654,0.0
2023-01-23 16:00:00,USEP,123.15,0.0,5818.001,0.0
2023-01-23 16:30:00,USEP,123.15,0.0,5823.965,0.0
2023-01-23 17:00:00,USEP,123.14,0.0,5806.521,0.0
2023-01-23 17:30:00,USEP,121.65,0.0,5819.055,0.0
2023-01-23 18:00:00,USEP,125.72,0.0,5864.302,0.0
2023-01-23 18:30:00,USEP,127.32,0.0,5913.709,0.0
2023-01-23 19:00:00,USEP,131.91,0.0,5977.926,0.0
2023-01-23 19:30:00,USEP,138.17,0.0,6019.684,0.0
2023-01-23 20:00:00,USEP,132.42,0.0,6007.314,0.0
2023-01-23 20:30:00,USEP,131.98,0.0,6000.286,0.0
2023-01-23 21:00:00,USEP,131.92,0.0,5976.574,0.0
2023-01-23 21:30:00,USEP,119.12,0.0,5793.753,0.0
2023-01-23 22:00:00,USEP,112.45,0.0,5701.331,0.0
2023-01-23 22:30:00,USEP,112.32,0.0,5604.694,0.0
2023-01-23 23:00:00,USEP,111.55,0.0,5509.121,0.0
2023-01-23 23:30:00,USEP,112.07,0.0,5528.578,0.0
2023-01-24 00:00:00,USEP,124.92,0.0,5552.171,0.0
2023-01-24 00:30:00,USEP,115.34,0.0,5470.588,0.0
2023-01-24 01:00:00,USEP,109.92,0.0,5264.1,0.0
2023-01-24 01:30:00,USEP,106.33,0.0,5193.019,0.0
2023-01-24 02:00:00,USEP,106.32,0.0,5143.344,0.0
2023-01-24 02:30:00,USEP,104.31,0.0,5095.483,0.0
2023-01-24 03:00:00,USEP,98.15,0.0,5060.051,0.0
2023-01-24 03:30:00,USEP,95.15,0.0,5029.749,0.0
2023-01-24 04:00:00,USEP,95.14,0.0,5017.155,0.0
2023-01-24 04:30:00,USEP,95.65,0.0,5027.826,0.0
2023-01-24 05:00:00,USEP,101.3,0.0,5058.247,0.0
2023-01-24 05:30:00,USEP,104.87,0.0,5103.872,0.0
2023-01-24 06:00:00,USEP,106.32,0.0,5161.499,0.0
2023-01-24 06:30:00,USEP,106.32,0.0,5214.922,0.0
2023-01-24 07:00:00,USEP,106.62,0.0,5264.388,0.0
2023-01-24 07:30:00,USEP,109.91,0.0,5343.177,0.0
2023-01-24 08:00:00,USEP,111.58,0.0,5432.901,0.0
2023-01-24 08:30:00,USEP,112.07,0.0,5512.948,0.0
2023-01-24 09:00:00,USEP,112.24,0.0,5588.705,0.0
2023-01-24 09:30:00,USEP,117.08,0.0,5667.246,0.0
2023-01-24 10:00:00,USEP,115.07,0.0,5730.996,0.0
2023-01-24 10:30:00,USEP,115.0,0.0,5742.05,0.0
2023-01-24 11:00:00,USEP,114.99,0.0,5748.754,0.0
2023-01-24 11:30:00,USEP,115.36,0.0,5766.681,0.0
2023-01-24 12:00:00,USEP,124.76,0.0,5796.74,0.0
2023-01-24 12:30:00,USEP,125.74,0.0,5805.606,0.0
2023-01-24 13:00:00,USEP,126.23,0.0,5811.381,0.0
2023-01-24 13:30:00,USEP,129.61,0.0,5832.459,0.0
2023-01-24 14:00:00,USEP,127.03,0.0,5833.697,0.0
2023-01-24 14:30:00,USEP,126.18,0.0,5811.903,0.0
2023-01-24 15:00:00,USEP,125.67,0.0,5810.298,0.0
2023-01-24 15:30:00,USEP,126.98,0.0,5847.409,0.0
2023-01-24 16:00:00,USEP,145.52,0.0,5873.884,0.0
2023-01-24 16:30:00,USEP,132.97,0.0,5873.924,0.0
2023-01-24 17:00:00,USEP,126.99,0.0,5861.374,0.0
2023-01-24 17:30:00,USEP,131.88,0.0,5890.996,0.0
2023-01-24 18:00:00,USEP,145.55,0.0,5939.463,0.0
2023-01-24 18:30:00,USEP,154.56,0.0,5999.928,0.0
2023-01-24 19:00:00,USEP,185.35,0.0,6064.573,0.0
2023-01-24 19:30:00,USEP,194.22,0.0,6099.259,0.0
2023-01-24 20:00:00,USEP,185.35,0.0,6078.757,0.0
2023-01-24 20:30:00,USEP,166.15,0.0,6050.98,0.0
2023-01-24 21:00:00,USEP,150.07,0.0,5985.938,0.0
2023-01-24 21:30:00,USEP,130.74,0.0,5904.728,0.0
2023-01-24 22:00:00,USEP,126.69,0.0,5802.614,0.0
2023-01-24 22:30:00,USEP,115.09,0.0,5677.996,0.0
2023-01-24 23:00:00,USEP,112.16,0.0,5551.361,0.0
2023-01-24 23:30:00,USEP,106.99,0.0,5384.225,0.0
2023-01-25 00:00:00,USEP,95.78,0.0,5212.501,0.0
2023-01-25 00:30:00,USEP,91.68,0.0,5114.418,0.0
2023-01-25 01:00:00,USEP,95.67,0.0,5109.652,0.0
2023-01-25 01:30:00,USEP,87.44,0.0,5050.087,0.0
2023-01-25 02:00:00,USEP,87.42,0.0,5001.127,0.0
2023-01-25 02:30:00,USEP,87.22,0.0,4958.335,0.0
2023-01-25 03:00:00,USEP,87.22,0.0,4943.54,0.0
2023-01-25 03:30:00,USEP,87.21,0.0,4936.428,0.0
2023-01-25 04:00:00,USEP,87.22,0.0,4943.575,0.0
2023-01-25 04:30:00,USEP,87.22,0.0,4962.038,0.0
2023-01-25 05:00:00,USEP,95.67,0.0,5056.085,0.0
2023-01-25 05:30:00,USEP,96.58,0.0,5215.851,0.0
2023-01-25 06:00:00,USEP,106.54,0.0,5403.623,0.0
2023-01-25 06:30:00,USEP,110.5,0.0,5587.413,0.0
2023-01-25 07:00:00,USEP,112.74,0.0,5789.941,0.0
2023-01-25 07:30:00,USEP,122.93,0.0,6000.44,0.0
2023-01-25 08:00:00,USEP,137.29,0.0,6209.513,0.0
2023-01-25 08:30:00,USEP,201.53,0.0,6355.656,0.0
2023-01-25 09:00:00,USEP,201.53,0.0,6429.808,0.0
2023-01-25 09:30:00,USEP,207.54,0.0,6467.849,0.0
2023-01-25 10:00:00,USEP,207.89,0.0,6490.964,0.0
2023-01-25 10:30:00,USEP,207.9,0.0,6502.803,0.0
2023-01-25 11:00:00,USEP,251.74,0.0,6520.968,0.0
2023-01-25 11:30:00,USEP,285.86,0.0,6504.02,0.0
2023-01-25 12:00:00,USEP,207.9,0.0,6480.214,0.0
2023-01-25 12:30:00,USEP,207.9,0.0,6493.126,0.0
2023-01-25 13:00:00,USEP,284.54,0.0,6569.803,0.0
2023-01-25 13:30:00,USEP,287.55,0.0,6575.817,0.0
2023-01-25 14:00:00,USEP,308.76,0.0,6546.474,0.0
2023-01-25 14:30:00,USEP,302.18,0.0,6507.937,0.0
2023-01-25 15:00:00,USEP,302.27,0.0,6517.951,0.0
2023-01-25 15:30:00,USEP,302.2,15.92,6517.092,9.0
2023-01-25 16:00:00,USEP,207.68,0.0,6512.693,0.0
2023-01-25 16:30:00,USEP,207.69,0.0,6498.275,0.0
2023-01-25 17:00:00,USEP,201.66,0.0,6458.704,0.0
2023-01-25 17:30:00,USEP,199.19,0.0,6374.438,0.0
2023-01-25 18:00:00,USEP,137.31,0.0,6326.189,0.0
2023-01-25 18:30:00,USEP,150.56,0.0,6345.9,0.0
2023-01-25 19:00:00,USEP,179.12,0.0,6380.073,0.0
2023-01-25 19:30:00,USEP,179.11,0.0,6371.664,0.0
2023-01-25 20:00:00,USEP,169.04,0.0,6336.979,0.0
2023-01-25 20:30:00,USEP,149.89,0.0,6278.357,0.0
2023-01-25 21:00:00,USEP,158.99,0.0,6204.742,0.0
2023-01-25 21:30:00,USEP,128.18,0.0,6067.898,0.0
2023-01-25 22:00:00,USEP,122.76,0.0,5905.13,0.0
2023-01-25 22:30:00,USEP,112.2,0.0,5745.837,0.0
2023-01-25 23:00:00,USEP,111.46,0.0,5602.626,0.0
2023-01-25 23:30:00,USEP,104.88,0.0,5392.788,0.0
2023-01-26 00:00:00,USEP,95.68,0.0,5207.496,0.0
2023-01-26 00:30:00,USEP,87.43,0.0,5109.861,0.0
2023-01-26 01:00:00,USEP,95.34,0.0,5175.44,0.0
2023-01-26 01:30:00,USEP,91.68,0.0,5101.153,0.0
2023-01-26 02:00:00,USEP,87.42,0.0,5041.762,0.0
2023-01-26 02:30:00,USEP,87.41,0.0,5008.13,0.0
2023-01-26 03:00:00,USEP,87.41,0.0,4987.778,0.0
2023-01-26 03:30:00,USEP,87.41,0.0,4981.312,0.0
2023-01-26 04:00:00,USEP,87.41,0.0,4990.104,0.0
2023-01-26 04:30:00,USEP,87.41,0.0,5010.252,0.0
2023-01-26 05:00:00,USEP,97.54,0.0,5106.387,0.0
2023-01-26 05:30:00,USEP,99.39,0.0,5264.522,0.0
2023-01-26 06:00:00,USEP,100.5,0.0,5448.666,0.0
2023-01-26 06:30:00,USEP,106.38,0.0,5623.386,0.0
2023-01-26 07:00:00,USEP,112.64,0.0,5828.408,0.0
2023-01-26 07:30:00,USEP,127.35,0.0,6045.185,0.0
2023-01-26 08:00:00,USEP,201.57,0.0,6254.815,0.0
2023-01-26 08:30:00,USEP,1008.45,0.0,6390.267,0.0
2023-01-26 09:00:00,USEP,563.69,0.0,6462.685,0.0
2023-01-26 09:30:00,USEP,446.14,0.0,6510.128,0.0
2023-01-26 10:00:00,USEP,352.81,4500.0,6505.48,35.0
2023-01-26 10:30:00,USEP,335.99,3443.66,6494.076,43.0
2023-01-26 11:00:00,USEP,312.63,2466.06,6476.805,43.0
2023-01-26 11:30:00,USEP,267.91,4500.0,6453.276,17.068
2023-01-26 12:00:00,USEP,259.34,0.0,6411.837,0.0
2023-01-26 12:30:00,USEP,259.39,0.0,6410.52,0.0
2023-01-26 13:00:00,USEP,308.82,205.0,6447.396,35.0
2023-01-26 13:30:00,USEP,268.47,2640.77,6456.012,31.27
2023-01-26 14:00:00,USEP,278.26,0.0,6458.102,0.0
2023-01-26 14:30:00,USEP,259.35,0.0,6449.862,0.0
2023-01-26 15:00:00,USEP,322.72,4500.0,6472.318,8.0
2023-01-26 15:30:00,USEP,278.38,996.41,6478.436,8.0
2023-01-26 16:00:00,USEP,266.27,4500.0,6467.852,0.349
2023-01-26 16:30:00,USEP,281.97,0.0,6490.601,0.0
2023-01-26 17:00:00,USEP,281.97,0.0,6485.577,0.0
2023-01-26 17:30:00,USEP,231.35,0.0,6403.343,0.0
2023-01-26 18:00:00,USEP,207.62,0.0,6360.81,0.0
2023-01-26 18:30:00,USEP,209.69,0.0,6394.531,0.0
2023-01-26 19:00:00,USEP,251.63,0.0,6429.783,0.0
2023-01-26 19:30:00,USEP,251.63,0.0,6419.565,0.0
2023-01-26 20:00:00,USEP,262.0,0.0,6403.552,0.0
2023-01-26 20:30:00,USEP,253.94,0.0,6365.665,0.0
2023-01-26 21:00:00,USEP,256.36,0.0,6297.184,0.0
2023-01-26 21:30:00,USEP,201.47,0.0,6161.895,0.0
2023-01-26 22:00:00,USEP,166.91,0.0,6003.606,0.0
2023-01-26 22:30:00,USEP,136.6,0.0,5861.673,0.0
2023-01-26 23:00:00,USEP,131.93,0.0,5728.884,0.0
2023-01-26 23:30:00,USEP,105.73,0.0,5536.958,0.0
2023-01-27 00:00:00,USEP,106.52,0.0,5359.434,0.0
2023-01-27 00:30:00,USEP,106.41,0.0,5253.991,0.0
2023-01-27 01:00:00,USEP,106.51,0.0,5251.168,0.0
2023-01-27 01:30:00,USEP,106.5,0.0,5195.325,0.0
2023-01-27 02:00:00,USEP,106.49,0.0,5151.266,0.0
2023-01-27 02:30:00,USEP,106.3,0.0,5107.306,0.0
2023-01-27 03:00:00,USEP,76.19,0.0,5052.427,0.0
2023-01-27 03:30:00,USEP,79.88,0.0,5051.428,0.0
2023-01-27 04:00:00,USEP,86.38,0.0,5050.837,0.0
2023-01-27 04:30:00,USEP,106.48,0.0,5077.009,0.0
2023-01-27 05:00:00,USEP,106.4,0.0,5165.023,0.0
2023-01-27 05:30:00,USEP,108.12,0.0,5319.197,0.0
2023-01-27 06:00:00,USEP,111.1,0.0,5519.642,0.0
2023-01-27 06:30:00,USEP,111.45,0.0,5676.297,0.0
2023-01-27 07:00:00,USEP,112.86,0.0,5887.462,0.0
2023-01-27 07:30:00,USEP,126.87,0.0,6096.182,0.0
2023-01-27 08:00:00,USEP,165.95,0.0,6311.507,0.0
2023-01-27 08:30:00,USEP,194.15,0.0,6421.881,0.0
2023-01-27 09:00:00,USEP,188.03,0.0,6481.809,0.0
2023-01-27 09:30:00,USEP,194.2,0.0,6505.591,0.0
2023-01-27 10:00:00,USEP,201.18,0.0,6517.29,0.0
2023-01-27 10:30:00,USEP,201.21,0.0,6511.783,0.0
2023-01-27 11:00:00,USEP,201.21,0.0,6496.873,0.0
2023-01-27 11:30:00,USEP,200.98,0.0,6482.55,0.0
2023-01-27 12:00:00,USEP,150.07,0.0,6428.407,0.0
2023-01-27 12:30:00,USEP,136.84,0.0,6405.048,0.0
2023-01-27 13:00:00,USEP,150.29,0.0,6437.417,0.0
2023-01-27 13:30:00,USEP,181.11,0.0,6461.512,0.0
2023-01-27 14:00:00,USEP,201.45,0.0,6510.228,0.0
2023-01-27 14:30:00,USEP,207.59,0.0,6551.996,0.0
2023-01-27 15:00:00,USEP,207.67,0.0,6571.801,0.0
2023-01-27 15:30:00,USEP,207.89,0.0,6593.52,0.0
2023-01-27 16:00:00,USEP,207.89,0.0,6591.815,0.0
2023-01-27 16:30:00,USEP,207.6,0.0,6577.427,0.0
2023-01-27 17:00:00,USEP,201.47,0.0,6549.382,0.0
2023-01-27 17:30:00,USEP,140.77,0.0,6479.379,0.0
2023-01-27 18:00:00,USEP,140.72,0.0,6463.902,0.0
2023-01-27 18:30:00,USEP,166.28,0.0,6484.94,0.0
2023-01-27 19:00:00,USEP,190.74,0.0,6502.405,0.0
2023-01-27 19:30:00,USEP,181.13,0.0,6484.041,0.0
2023-01-27 20:00:00,USEP,166.29,0.0,6448.451,0.0
2023-01-27 20:30:00,USEP,140.76,0.0,6394.094,0.0
2023-01-27 21:00:00,USEP,182.16,0.0,6327.247,0.0
2023-01-27 21:30:00,USEP,140.3,0.0,6200.701,0.0
2023-01-27 22:00:00,USEP,127.46,0.0,6062.635,0.0
2023-01-27 22:30:00,USEP,117.39,0.0,5932.252,0.0
2023-01-27 23:00:00,USEP,111.88,0.0,5817.33,0.0
2023-01-27 23:30:00,USEP,111.15,0.0,5656.541,0.0
2023-01-28 00:00:00,USEP,110.52,0.0,5524.11,0.0
2023-01-28 00:30:00,USEP,106.56,0.0,5409.129,0.0
2023-01-28 01:00:00,USEP,106.63,0.0,5396.197,0.0
2023-01-28 01:30:00,USEP,106.47,0.0,5319.858,0.0
2023-01-28 02:00:00,USEP,106.26,0.0,5241.168,0.0
2023-01-28 02:30:00,USEP,95.56,0.0,5171.25,0.0
2023-01-28 03:00:00,USEP,89.95,0.0,5128.856,0.0
2023-01-28 03:30:00,USEP,89.45,0.0,5106.337,0.0
2023-01-28 04:00:00,USEP,86.31,0.0,5091.308,0.0
2023-01-28 04:30:00,USEP,89.45,0.0,5107.55,0.0
2023-01-28 05:00:00,USEP,95.56,0.0,5145.68,0.0
2023-01-28 05:30:00,USEP,106.25,0.0,5227.754,0.0
2023-01-28 06:00:00,USEP,106.26,0.0,5309.66,0.0
2023-01-28 06:30:00,USEP,106.33,0.0,5387.376,0.0
2023-01-28 07:00:00,USEP,110.93,0.0,5494.186,0.0
2023-01-28 07:30:00,USEP,111.65,0.0,5651.481,0.0
2023-01-28 08:00:00,USEP,121.86,0.0,5849.456,0.0
2023-01-28 08:30:00,USEP,141.73,0.0,5965.392,0.0
2023-01-28 09:00:00,USEP,151.2,0.0,6046.278,0.0
2023-01-28 09:30:00,USEP,152.37,0.0,6110.019,0.0
2023-01-28 10:00:00,USEP,153.64,0.0,6154.386,0.0
2023-01-28 10:30:00,USEP,194.16,0.0,6204.702,0.0
2023-01-28 11:00:00,USEP,194.19,0.0,6217.912,0.0
2023-01-28 11:30:00,USEP,153.64,0.0,6172.139,0.0
2023-01-28 12:00:00,USEP,153.63,0.0,6146.001,0.0
2023-01-28 12:30:00,USEP,150.21,0.0,6121.668,0.0
2023-01-28 13:00:00,USEP,151.69,0.0,6130.217,0.0
2023-01-28 13:30:00,USEP,141.65,0.0,6101.505,0.0
2023-01-28 14:00:00,USEP,150.03,0.0,6102.554,0.0
2023-01-28 14:30:00,USEP,150.05,0.0,6070.358,0.0
2023-01-28 15:00:00,USEP,137.72,0.0,6046.383,0.0
2023-01-28 15:30:00,USEP,131.38,0.0,6017.229,0.0
2023-01-28 16:00:00,USEP,126.78,0.0,5999.978,0.0
2023-01-28 16:30:00,USEP,124.21,0.0,5988.338,0.0
2023-01-28 17:00:00,USEP,117.06,0.0,5956.147,0.0
2023-01-28 17:30:00,USEP,117.08,0.0,5953.434,0.0
2023-01-28 18:00:00,USEP,117.09,0.0,5994.988,0.0
2023-01-28 18:30:00,USEP,115.61,0.0,6059.404,0.0
2023-01-28 19:00:00,USEP,124.94,0.0,6089.184,0.0
2023-01-28 19:30:00,USEP,126.61,0.0,6092.842,0.0
2023-01-28 20:00:00,USEP,124.94,0.0,6078.901,0.0
2023-01-28 20:30:00,USEP,115.6,0.0,6074.821,0.0
2023-01-28 21:00:00,USEP,111.98,0.0,6029.097,0.0
2023-01-28 21:30:00,USEP,111.8,0.0,5927.828,0.0
2023-01-28 22:00:00,USEP,111.48,0.0,5816.913,0.0
2023-01-28 22:30:00,USEP,111.35,0.0,5714.436,0.0
2023-01-28 23:00:00,USEP,106.68,0.0,5613.367,0.0
2023-01-28 23:30:00,USEP,106.3,0.0,5484.678,0.0
2023-01-29 00:00:00,USEP,91.38,0.0,5357.839,0.0
2023-01-29 00:30:00,USEP,95.9,0.0,5261.883,0.0
2023-01-29 01:00:00,USEP,99.34,0.0,5250.373,0.0
2023-01-29 01:30:00,USEP,91.36,0.0,5186.106,0.0
2023-01-29 02:00:00,USEP,89.15,0.0,5109.657,0.0
2023-01-29 02:30:00,USEP,86.2,0.0,5054.778,0.0
2023-01-29 03:00:00,USEP,85.08,0.0,5017.583,0.0
2023-01-29 03:30:00,USEP,84.56,0.0,4980.213,0.0
2023-01-29 04:00:00,USEP,84.05,0.0,4965.194,0.0
2023-01-29 04:30:00,USEP,84.79,0.0,4985.253,0.0
2023-01-29 05:00:00,USEP,85.91,0.0,5016.857,0.0
2023-01-29 05:30:00,USEP,86.31,0.0,5077.123,0.0
2023-01-29 06:00:00,USEP,87.74,0.0,5138.394,0.0
2023-01-29 06:30:00,USEP,88.46,0.0,5190.345,0.0
2023-01-29 07:00:00,USEP,90.22,0.0,5221.78,0.0
2023-01-29 07:30:00,USEP,99.34,0.0,5321.856,0.0
2023-01-29 08:00:00,USEP,106.28,0.0,5434.586,0.0
2023-01-29 08:30:00,USEP,106.56,0.0,5561.768,0.0
2023-01-29 09:00:00,USEP,110.96,0.0,5636.035,0.0
2023-01-29 09:30:00,USEP,111.0,0.0,5684.149,0.0
2023-01-29 10:00:00,USEP,111.21,0.0,5756.796,0.0
2023-01-29 10:30:00,USEP,111.99,0.0,5824.358,0.0
2023-01-29 11:00:00,USEP,112.1,0.0,5844.496,0.0
2023-01-29 11:30:00,USEP,111.99,0.0,5815.745,0.0
2023-01-29 12:00:00,USEP,111.23,0.0,5791.109,0.0
2023-01-29 12:30:00,USEP,111.14,0.0,5790.771,0.0
2023-01-29 13:00:00,USEP,111.2,0.0,5794.891,0.0
2023-01-29 13:30:00,USEP,111.05,0.0,5781.447,0.0
2023-01-29 14:00:00,USEP,111.18,0.0,5761.254,0.0
2023-01-29 14:30:00,USEP,111.21,0.0,5748.382,0.0
2023-01-29 15:00:00,USEP,110.47,0.0,5733.476,0.0
2023-01-29 15:30:00,USEP,110.47,0.0,5738.705,0.0
2023-01-29 16:00:00,USEP,110.48,0.0,5746.075,0.0
2023-01-29 16:30:00,USEP,109.74,0.0,5738.392,0.0
2023-01-29 17:00:00,USEP,111.46,0.0,5773.704,0.0
2023-01-29 17:30:00,USEP,107.36,0.0,5785.955,0.0
2023-01-29 18:00:00,USEP,111.55,0.0,5855.386,0.0
2023-01-29 18:30:00,USEP,111.75,0.0,5935.795,0.0
2023-01-29 19:00:00,USEP,112.15,0.0,6007.12,0.0
2023-01-29 19:30:00,USEP,120.7,0.0,6063.907,0.0
2023-01-29 20:00:00,USEP,124.17,0.0,6088.066,0.0
2023-01-29 20:30:00,USEP,126.78,0.0,6093.772,0.0
2023-01-29 21:00:00,USEP,121.06,0.0,6048.107,0.0
2023-01-29 21:30:00,USEP,112.96,0.0,5952.301,0.0
2023-01-29 22:00:00,USEP,112.06,0.0,5818.399,0.0
2023-01-29 22:30:00,USEP,111.41,0.0,5692.921,0.0
2023-01-29 23:00:00,USEP,106.59,0.0,5564.74,0.0
2023-01-29 23:30:00,USEP,106.66,0.0,5536.118,0.0
2023-01-30 00:00:00,USEP,110.5,0.0,5508.668,0.0
2023-01-30 00:30:00,USEP,106.54,0.0,5399.11,0.0
2023-01-30 01:00:00,USEP,97.38,0.0,5235.93,0.0
2023-01-30 01:30:00,USEP,91.37,0.0,5164.506,0.0
2023-01-30 02:00:00,USEP,85.98,0.0,5126.789,0.0
2023-01-30 02:30:00,USEP,79.35,0.0,5081.373,0.0
2023-01-30 03:00:00,USEP,78.81,0.0,5069.007,0.0
2023-01-30 03:30:00,USEP,78.81,0.0,5058.456,0.0
2023-01-30 04:00:00,USEP,78.81,0.0,5066.04,0.0
2023-01-30 04:30:00,USEP,79.35,0.0,5100.0,0.0
2023-01-30 05:00:00,USEP,85.99,0.0,5183.362,0.0
2023-01-30 05:30:00,USEP,104.33,0.0,5356.418,0.0
2023-01-30 06:00:00,USEP,106.46,0.0,5556.371,0.0
2023-01-30 06:30:00,USEP,110.58,0.0,5772.193,0.0
2023-01-30 07:00:00,USEP,115.43,0.0,6009.212,0.0
2023-01-30 07:30:00,USEP,150.01,0.0,6247.717,0.0
2023-01-30 08:00:00,USEP,140.77,0.0,6470.682,0.0
2023-01-30 08:30:00,USEP,201.61,0.0,6628.747,0.0
2023-01-30 09:00:00,USEP,201.6,0.0,6708.372,0.0
2023-01-30 09:30:00,USEP,207.71,0.0,6753.519,0.0
2023-01-30 10:00:00,USEP,201.61,0.0,6746.377,0.0
2023-01-30 10:30:00,USEP,197.38,0.0,6731.284,0.0
2023-01-30 11:00:00,USEP,194.27,0.0,6715.727,0.0
2023-01-30 11:30:00,USEP,194.22,0.0,6700.271,0.0
2023-01-30 12:00:00,USEP,150.11,0.0,6632.097,0.0
2023-01-30 12:30:00,USEP,150.28,0.0,6641.307,0.0
2023-01-30 13:00:00,USEP,194.23,0.0,6696.17,0.0
2023-01-30 13:30:00,USEP,201.55,0.0,6750.572,0.0
2023-01-30 14:00:00,USEP,199.87,0.0,6718.262,0.0
2023-01-30 14:30:00,USEP,151.21,0.0,6653.17,0.0
2023-01-30 15:00:00,USEP,140.77,0.0,6697.02,0.0
2023-01-30 15:30:00,USEP,140.41,0.0,6685.684,0.0
2023-01-30 16:00:00,USEP,151.24,0.0,6749.508,0.0
2023-01-30 16:30:00,USEP,150.31,0.0,6755.855,0.0
2023-01-30 17:00:00,USEP,124.65,0.0,6691.653,0.0
2023-01-30 17:30:00,USEP,116.68,0.0,6620.974,0.0
2023-01-30 18:00:00,USEP,116.68,0.0,6606.323,0.0
2023-01-30 18:30:00,USEP,117.4,0.0,6625.368,0.0
2023-01-30 19:00:00,USEP,118.59,0.0,6633.056,0.0
2023-01-30 19:30:00,USEP,118.51,0.0,6624.881,0.0
2023-01-30 20:00:00,USEP,194.34,0.0,6591.204,0.0
2023-01-30 20:30:00,USEP,150.33,0.0,6538.989,0.0
2023-01-30 21:00:00,USEP,140.89,0.0,6450.916,0.0
2023-01-30 21:30:00,USEP,201.46,0.0,6310.349,0.0
2023-01-30 22:00:00,USEP,162.23,0.0,6142.85,0.0
2023-01-30 22:30:00,USEP,124.62,0.0,5972.499,0.0
2023-01-30 23:00:00,USEP,111.97,0.0,5822.355,0.0
2023-01-30 23:30:00,USEP,106.67,0.0,5620.17,0.0
2023-01-31 00:00:00,USEP,104.38,0.0,5432.752,0.0
2023-01-31 00:30:00,USEP,97.98,0.0,5319.157,0.0
2023-01-31 01:00:00,USEP,106.62,0.0,5319.441,0.0
2023-01-31 01:30:00,USEP,106.57,0.0,5254.672,0.0
2023-01-31 02:00:00,USEP,103.76,0.0,5188.879,0.0
2023-01-31 02:30:00,USEP,98.67,0.0,5148.895,0.0
2023-01-31 03:00:00,USEP,98.67,0.0,5134.562,0.0
2023-01-31 03:30:00,USEP,98.68,0.0,5125.621,0.0
2023-01-31 04:00:00,USEP,97.53,0.0,5134.502,0.0
2023-01-31 04:30:00,USEP,102.52,0.0,5159.521,0.0
2023-01-31 05:00:00,USEP,106.51,0.0,5251.322,0.0
2023-01-31 05:30:00,USEP,106.62,0.0,5418.19,0.0
2023-01-31 06:00:00,USEP,111.25,0.0,5612.949,0.0
2023-01-31 06:30:00,USEP,112.08,0.0,5807.877,0.0
2023-01-31 07:00:00,USEP,120.66,0.0,6015.643,0.0
2023-01-31 07:30:00,USEP,140.34,0.0,6253.975,0.0
2023-01-31 08:00:00,USEP,155.05,0.0,6463.251,0.0
2023-01-31 08:30:00,USEP,207.78,0.0,6594.559,0.0
2023-01-31 09:00:00,USEP,207.79,0.0,6652.743,0.0
2023-01-31 09:30:00,USEP,151.16,0.0,6693.348,0.0
2023-01-31 10:00:00,USEP,202.48,0.0,6716.383,0.0
2023-01-31 10:30:00,USEP,201.61,0.0,6708.203,0.0
2023-01-31 11:00:00,USEP,140.81,0.0,6689.724,0.0
2023-01-31 11:30:00,USEP,131.31,0.0,6666.41,0.0
2023-01-31 12:00:00,USEP,130.8,0.0,6649.701,0.0
2023-01-31 12:30:00,USEP,140.78,0.0,6680.008,0.0
2023-01-31 13:00:00,USEP,146.79,0.0,6716.453,0.0
2023-01-31 13:30:00,USEP,150.28,0.0,6755.567,0.0
2023-01-31 14:00:00,USEP,150.32,0.0,6760.413,0.0
2023-01-31 14:30:00,USEP,151.78,0.0,6755.075,0.0
2023-01-31 15:00:00,USEP,201.59,0.0,6768.096,0.0
2023-01-31 15:30:00,USEP,194.21,0.0,6755.274,0.0
2023-01-31 16:00:00,USEP,130.83,0.0,6712.025,0.0
2023-01-31 16:30:00,USEP,125.76,0.0,6676.614,0.0
2023-01-31 17:00:00,USEP,121.39,0.0,6642.788,0.0
2023-01-31 17:30:00,USEP,116.8,0.0,6584.524,0.0
2023-01-31 18:00:00,USEP,116.31,0.0,6550.927,0.0
2023-01-31 18:30:00,USEP,116.32,0.0,6556.121,0.0
2023-01-31 19:00:00,USEP,117.41,0.0,6572.999,0.0
2023-01-31 19:30:00,USEP,116.86,0.0,6546.887,0.0
2023-01-31 20:00:00,USEP,126.97,0.0,6516.957,0.0
2023-01-31 20:30:00,USEP,117.94,0.0,6462.789,0.0
2023-01-31 21:00:00,USEP,115.18,0.0,6379.621,0.0
2023-01-31 21:30:00,USEP,154.37,0.0,6247.071,0.0
2023-01-31 22:00:00,USEP,123.62,0.0,6071.138,0.0
2023-01-31 22:30:00,USEP,112.71,0.0,5923.157,0.0
2023-01-31 23:00:00,USEP,112.05,0.0,5768.719,0.0
2023-01-31 23:30:00,USEP,106.8,0.0,5631.094,0.0
