INFORMATION TYPE,DATE,PERIOD,USEP ($/MWh),LCP ($/MWh),DEMAND (MW),TCL (MW)
USEP,01 Jan 2023,1,158.62,0,5539.761,0
USEP,01 Jan 2023,2,147.58,0,5443.353,0
USEP,01 Jan 2023,3,126.83,0,5384.523,0
USEP,01 Jan 2023,4,144.53,0,5367.272,0
USEP,01 Jan 2023,5,144.51,0,5331.369,0
USEP,01 Jan 2023,6,126.8,0,5289.506,0
USEP,01 Jan 2023,7,108.48,0,5232.943,0
USEP,01 Jan 2023,8,106.74,0,5196.736,0
USEP,01 Jan 2023,9,106.51,0,5173.397,0
USEP,01 Jan 2023,10,106.74,0,5180.256,0
USEP,01 Jan 2023,11,109.69,0,5213.411,0
USEP,01 Jan 2023,12,123.24,0,5258.215,0
USEP,01 Jan 2023,13,123.24,0,5324.033,0
USEP,01 Jan 2023,14,123.25,0,5358.947,0
USEP,01 Jan 2023,15,126.71,0,5383.39,0
USEP,01 Jan 2023,16,144.54,0,5457.989,0
USEP,01 Jan 2023,17,156.98,0,5548.493,0
USEP,01 Jan 2023,18,157.11,0,5605.032,0
USEP,01 Jan 2023,19,177.19,0,5658.559,0
USEP,01 Jan 2023,20,158.6,0,5727.006,0
USEP,01 Jan 2023,21,157.2,0,5768.639,0
USEP,01 Jan 2023,22,157.2,0,5775.15,0
USEP,01 Jan 2023,23,151.63,0,5773.614,0
USEP,01 Jan 2023,24,130.62,0,5734.585,0
USEP,01 Jan 2023,25,126.25,0,5701.534,0
USEP,01 Jan 2023,26,117.51,0,5634.365,0
USEP,01 Jan 2023,27,117.51,0,5612.228,0
USEP,01 Jan 2023,28,117.53,0,5633.684,0
USEP,01 Jan 2023,29,116.06,0,5684.746,0
USEP,01 Jan 2023,30,116.06,0,5676.983,0
USEP,01 Jan 2023,31,116.08,0,5684.224,0
USEP,01 Jan 2023,32,126.79,0,5732.04,0
USEP,01 Jan 2023,33,146.93,0,5780.731,0
USEP,01 Jan 2023,34,137.24,0,5788.932,0
USEP,01 Jan 2023,35,151.61,0,5823.578,0
USEP,01 Jan 2023,36,157.21,0,5848.115,0
USEP,01 Jan 2023,37,181.38,0,5906.353,0
USEP,01 Jan 2023,38,194.23,0,5998.994,0
USEP,01 Jan 2023,39,231.19,0,6061.238,0
USEP,01 Jan 2023,40,231.17,0,6086.461,0
USEP,01 Jan 2023,41,231.16,0,6101.376,0
USEP,01 Jan 2023,42,230.7,0,6087.211,0
USEP,01 Jan 2023,43,232.49,0,6060.483,0
USEP,01 Jan 2023,44,213,0,5969.407,0
USEP,01 Jan 2023,45,181.45,0,5864.023,0
USEP,01 Jan 2023,46,158.71,0,5783.266,0
USEP,01 Jan 2023,47,157.26,0,5694.964,0
USEP,01 Jan 2023,48,145.21,0,5632.084,0
USEP,02 Jan 2023,1,194.09,0,5587.915,0
USEP,02 Jan 2023,2,191.73,0,5516.119,0
USEP,02 Jan 2023,3,162.2,0,5440.271,0
USEP,02 Jan 2023,4,141.24,0,5345.528,0
USEP,02 Jan 2023,5,123.77,0,5270.466,0
USEP,02 Jan 2023,6,107.69,0,5198.068,0
USEP,02 Jan 2023,7,104.61,0,5152.826,0
USEP,02 Jan 2023,8,104.5,0,5131.749,0
USEP,02 Jan 2023,9,104.51,0,5126.237,0
USEP,02 Jan 2023,10,106.75,0,5153.646,0
USEP,02 Jan 2023,11,117.34,0,5177.478,0
USEP,02 Jan 2023,12,123.59,0,5241.963,0
USEP,02 Jan 2023,13,123.75,0,5307.776,0
USEP,02 Jan 2023,14,120.81,0,5346.393,0
USEP,02 Jan 2023,15,130.72,0,5393.509,0
USEP,02 Jan 2023,16,154.95,0,5467.422,0
USEP,02 Jan 2023,17,162.99,0,5576.39,0
USEP,02 Jan 2023,18,177.41,0,5642.287,0
USEP,02 Jan 2023,19,181.23,0,5707.806,0
USEP,02 Jan 2023,20,181.34,0,5758.336,0
USEP,02 Jan 2023,21,181.36,0,5804.607,0
USEP,02 Jan 2023,22,181.36,0,5819.895,0
USEP,02 Jan 2023,23,170.44,0,5822.753,0
USEP,02 Jan 2023,24,164.68,0,5801.461,0
USEP,02 Jan 2023,25,124.9,0,5729.535,0
USEP,02 Jan 2023,26,123.3,0,5686.083,0
USEP,02 Jan 2023,27,123.29,0,5690.864,0
USEP,02 Jan 2023,28,130.84,0,5739.719,0
USEP,02 Jan 2023,29,143.78,0,5774.166,0
USEP,02 Jan 2023,30,149.55,0,5777.307,0
USEP,02 Jan 2023,31,170.42,0,5843.97,0
USEP,02 Jan 2023,32,191.88,0,5902.481,0
USEP,02 Jan 2023,33,227.62,0,5979.591,0
USEP,02 Jan 2023,34,230.6,0,6005.082,0
USEP,02 Jan 2023,35,232.44,0,6060.418,0
USEP,02 Jan 2023,36,232.22,0,6068.3,0
USEP,02 Jan 2023,37,247.05,0,6150.047,0
USEP,02 Jan 2023,38,251.32,0,6247.871,0
USEP,02 Jan 2023,39,280.92,0,6299.748,0
USEP,02 Jan 2023,40,281,0,6314.002,0
USEP,02 Jan 2023,41,280.99,0,6306.095,0
USEP,02 Jan 2023,42,251.31,0,6257.787,0
USEP,02 Jan 2023,43,372.52,0,6199.797,0
USEP,02 Jan 2023,44,329.13,0,6145.952,0
USEP,02 Jan 2023,45,245.96,0,6055.299,0
USEP,02 Jan 2023,46,236.07,0,5974.526,0
USEP,02 Jan 2023,47,194.61,0,5825.093,0
USEP,02 Jan 2023,48,181.68,0,5733.367,0
USEP,03 Jan 2023,1,120.63,0,5609.888,0
USEP,03 Jan 2023,2,113.04,0,5491.015,0
USEP,03 Jan 2023,3,113.02,0,5412.166,0
USEP,03 Jan 2023,4,112.06,0,5341.299,0
USEP,03 Jan 2023,5,109.44,0,5269.676,0
USEP,03 Jan 2023,6,106.67,0,5230.368,0
USEP,03 Jan 2023,7,107.67,0,5191.801,0
USEP,03 Jan 2023,8,105.63,0,5179.669,0
USEP,03 Jan 2023,9,105.61,0,5173.939,0
USEP,03 Jan 2023,10,105.63,0,5192.895,0
USEP,03 Jan 2023,11,112.04,0,5292.98,0
USEP,03 Jan 2023,12,131.53,0,5458.735,0
USEP,03 Jan 2023,13,156.25,0,5649.101,0
USEP,03 Jan 2023,14,181.59,0,5820.173,0
USEP,03 Jan 2023,15,207.86,0,6003.83,0
USEP,03 Jan 2023,16,278.29,0,6238.359,0
USEP,03 Jan 2023,17,232.53,0,6461.467,0
USEP,03 Jan 2023,18,307.83,0,6592.536,0
USEP,03 Jan 2023,19,250.88,0,6667.449,0
USEP,03 Jan 2023,20,251.87,0,6720.026,0
USEP,03 Jan 2023,21,251.88,0,6745.105,0
USEP,03 Jan 2023,22,251.77,0,6745.577,0
USEP,03 Jan 2023,23,251.65,0,6729.469,0
USEP,03 Jan 2023,24,250.17,0,6680.421,0
USEP,03 Jan 2023,25,232.48,0,6636.257,0
USEP,03 Jan 2023,26,232.49,0,6644.994,0
USEP,03 Jan 2023,27,251.78,0,6736.805,0
USEP,03 Jan 2023,28,251.8,0,6747.197,0
USEP,03 Jan 2023,29,251.76,0,6755.796,0
USEP,03 Jan 2023,30,253.57,0,6784.174,0
USEP,03 Jan 2023,31,282.02,0,6821.802,0
USEP,03 Jan 2023,32,379.78,0,6866.726,0
USEP,03 Jan 2023,33,354.27,0,6864.052,0
USEP,03 Jan 2023,34,404.99,0,6893.688,0
USEP,03 Jan 2023,35,304.29,0,6839.595,0
USEP,03 Jan 2023,36,251.7,0,6749.673,0
USEP,03 Jan 2023,37,250.81,0,6697.492,0
USEP,03 Jan 2023,38,250.8,0,6689.864,0
USEP,03 Jan 2023,39,250.81,0,6691.553,0
USEP,03 Jan 2023,40,250.37,0,6668.105,0
USEP,03 Jan 2023,41,250.25,0,6638.18,0
USEP,03 Jan 2023,42,232.57,0,6600.751,0
USEP,03 Jan 2023,43,231.22,0,6509.517,0
USEP,03 Jan 2023,44,230.23,0,6339.553,0
USEP,03 Jan 2023,45,207.87,0,6181.169,0
USEP,03 Jan 2023,46,179.11,0,6052.372,0
USEP,03 Jan 2023,47,125.92,0,5909.285,0
USEP,03 Jan 2023,48,112.09,0,5722.791,0
USEP,04 Jan 2023,1,110.57,0,5539.338,0
USEP,04 Jan 2023,2,98.67,0,5440.381,0
USEP,04 Jan 2023,3,110.56,0,5490.692,0
USEP,04 Jan 2023,4,104.04,0,5430.302,0
USEP,04 Jan 2023,5,110.52,0,5387.077,0
USEP,04 Jan 2023,6,101.32,0,5329.097,0
USEP,04 Jan 2023,7,110.5,0,5318.477,0
USEP,04 Jan 2023,8,106.67,0,5308.049,0
USEP,04 Jan 2023,9,106.66,0,5294.486,0
USEP,04 Jan 2023,10,110.52,0,5313.82,0
USEP,04 Jan 2023,11,109.43,0,5395.01,0
USEP,04 Jan 2023,12,110.7,0,5539.815,0
USEP,04 Jan 2023,13,135.28,0,5722.801,0
USEP,04 Jan 2023,14,204.25,0,5904.574,0
USEP,04 Jan 2023,15,232.34,0,6095.914,0
USEP,04 Jan 2023,16,354.15,0,6295.519,0
USEP,04 Jan 2023,17,301.63,0,6498.24,0
USEP,04 Jan 2023,18,303.74,0,6627.157,0
USEP,04 Jan 2023,19,303.76,0,6701.563,0
USEP,04 Jan 2023,20,303.86,2851.38,6705.687,35
USEP,04 Jan 2023,21,303.77,2825.08,6728.082,35
USEP,04 Jan 2023,22,301.78,2420.04,6713.978,43
USEP,04 Jan 2023,23,301.81,13.58,6695.753,43
USEP,04 Jan 2023,24,301.58,0,6679.258,0
USEP,04 Jan 2023,25,300.75,47.01,6637.131,35
USEP,04 Jan 2023,26,301.57,0,6661.982,0
USEP,04 Jan 2023,27,301.8,0,6729.32,0
USEP,04 Jan 2023,28,301.8,0,6742.68,0
USEP,04 Jan 2023,29,301.8,0,6770.199,0
USEP,04 Jan 2023,30,303.89,0,6776.247,0
USEP,04 Jan 2023,31,322.9,0,6791.033,0
USEP,04 Jan 2023,32,354.24,0,6806.485,0
USEP,04 Jan 2023,33,301.75,0,6819.426,0
USEP,04 Jan 2023,34,301.66,0,6805.436,0
USEP,04 Jan 2023,35,301.76,2.61,6711.828,8
USEP,04 Jan 2023,36,301.31,8.5,6642.218,8
USEP,04 Jan 2023,37,300.74,0,6636.038,0
USEP,04 Jan 2023,38,301.68,0,6708.093,0
USEP,04 Jan 2023,39,303.88,0,6727.685,0
USEP,04 Jan 2023,40,303.47,0,6709.903,0
USEP,04 Jan 2023,41,301.59,0,6665.575,0
USEP,04 Jan 2023,42,300.76,0,6603.579,0
USEP,04 Jan 2023,43,300.86,0,6537.334,0
USEP,04 Jan 2023,44,263.04,0,6404.943,0
USEP,04 Jan 2023,45,202.87,0,6235.765,0
USEP,04 Jan 2023,46,168.86,0,6088.931,0
USEP,04 Jan 2023,47,121.37,0,5941.61,0
USEP,04 Jan 2023,48,104.86,0,5724.62,0
USEP,05 Jan 2023,1,97.97,0,5530.184,0
USEP,05 Jan 2023,2,110.55,0,5437.985,0
USEP,05 Jan 2023,3,110.68,0,5465.285,0
USEP,05 Jan 2023,4,110.58,0,5408.245,0
USEP,05 Jan 2023,5,110.51,0,5338.312,0
USEP,05 Jan 2023,6,106.77,0,5289.894,0
USEP,05 Jan 2023,7,106.83,0,5271.485,0
USEP,05 Jan 2023,8,110.48,0,5274.214,0
USEP,05 Jan 2023,9,110.48,0,5279.015,0
USEP,05 Jan 2023,10,110.53,0,5300.147,0
USEP,05 Jan 2023,11,113.73,0,5396.714,0
USEP,05 Jan 2023,12,113.78,0,5542.057,0
USEP,05 Jan 2023,13,185.7,0,5730.435,0
USEP,05 Jan 2023,14,268.4,0,5917.058,0
USEP,05 Jan 2023,15,207.84,0,6115.023,0
USEP,05 Jan 2023,16,250.57,0,6320.593,0
USEP,05 Jan 2023,17,280.41,0,6513.652,0
USEP,05 Jan 2023,18,300.84,0,6623.151,0
USEP,05 Jan 2023,19,350.77,0,6689.645,0
USEP,05 Jan 2023,20,487.64,0,6724.251,0
USEP,05 Jan 2023,21,354.22,0,6755.423,0
USEP,05 Jan 2023,22,354.22,0,6751.168,0
USEP,05 Jan 2023,23,323.92,0,6725.106,0
USEP,05 Jan 2023,24,283.35,0,6668.368,0
USEP,05 Jan 2023,25,280.65,0,6639.06,0
USEP,05 Jan 2023,26,280.47,0,6619.96,0
USEP,05 Jan 2023,27,303.87,0,6694.356,0
USEP,05 Jan 2023,28,316.19,0,6716.214,0
USEP,05 Jan 2023,29,491.18,1720.99,6780.463,8
USEP,05 Jan 2023,30,536.66,1531.74,6817.997,8
USEP,05 Jan 2023,31,549.61,0,6866.723,8
USEP,05 Jan 2023,32,549.59,0,6864.64,8
USEP,05 Jan 2023,33,549.59,0,6875.409,0
USEP,05 Jan 2023,34,549.57,0,6875.304,0
USEP,05 Jan 2023,35,549.61,0,6826.996,0
USEP,05 Jan 2023,36,536.3,0,6725.444,0
USEP,05 Jan 2023,37,289.62,0,6645.645,0
USEP,05 Jan 2023,38,268.52,0,6634.786,0
USEP,05 Jan 2023,39,326.28,0,6672.354,0
USEP,05 Jan 2023,40,310.76,0,6658.756,0
USEP,05 Jan 2023,41,315.68,0,6637.331,0
USEP,05 Jan 2023,42,270.63,0,6590.483,0
USEP,05 Jan 2023,43,270.62,0,6518.99,0
USEP,05 Jan 2023,44,220.41,0,6389.472,0
USEP,05 Jan 2023,45,206.64,0,6224.537,0
USEP,05 Jan 2023,46,200.49,0,6089.463,0
USEP,05 Jan 2023,47,181.57,0,5942.758,0
USEP,05 Jan 2023,48,125.91,0,5830.232,0
USEP,06 Jan 2023,1,194.04,0,5730.062,0
USEP,06 Jan 2023,2,168.71,0,5614.047,0
USEP,06 Jan 2023,3,120.69,0,5498.231,0
USEP,06 Jan 2023,4,120.79,0,5441.504,0
USEP,06 Jan 2023,5,120.62,0,5395.402,0
USEP,06 Jan 2023,6,119.09,0,5350.031,0
USEP,06 Jan 2023,7,120.41,0,5319.008,0
USEP,06 Jan 2023,8,116.5,0,5287.036,0
USEP,06 Jan 2023,9,116.35,0,5276.177,0
USEP,06 Jan 2023,10,120.41,0,5320.007,0
USEP,06 Jan 2023,11,167.88,0,5430.893,0
USEP,06 Jan 2023,12,198.36,0,5607.726,0
USEP,06 Jan 2023,13,207.69,0,5804.716,0
USEP,06 Jan 2023,14,220.57,0,5960.884,0
USEP,06 Jan 2023,15,234.69,0,6137.88,0
USEP,06 Jan 2023,16,234.7,0,6326.666,0
USEP,06 Jan 2023,17,253.87,0,6494.413,0
USEP,06 Jan 2023,18,299.2,0,6595.21,0
USEP,06 Jan 2023,19,301.55,0,6660.521,0
USEP,06 Jan 2023,20,324.16,0,6700.509,0
USEP,06 Jan 2023,21,268.41,0,6698.655,0
USEP,06 Jan 2023,22,268.42,0,6678.994,0
USEP,06 Jan 2023,23,261.25,0,6647.291,0
USEP,06 Jan 2023,24,261.27,0,6651.629,0
USEP,06 Jan 2023,25,252.01,0,6611.308,0
USEP,06 Jan 2023,26,267.81,0,6644.348,0
USEP,06 Jan 2023,27,300.82,0,6713.382,0
USEP,06 Jan 2023,28,330.82,0,6803.011,0
USEP,06 Jan 2023,29,335.92,0,6814.496,0
USEP,06 Jan 2023,30,311.69,0,6792.814,8
USEP,06 Jan 2023,31,311.89,0,6798.162,8
USEP,06 Jan 2023,32,311.25,177.71,6798.266,8
USEP,06 Jan 2023,33,303.88,2145.49,6786.154,8
USEP,06 Jan 2023,34,301.81,0,6773.449,0
USEP,06 Jan 2023,35,335.89,0,6811.455,0
USEP,06 Jan 2023,36,354.09,0,6814.635,0
USEP,06 Jan 2023,37,335.9,0,6811.887,0
USEP,06 Jan 2023,38,311.9,0,6800.854,0
USEP,06 Jan 2023,39,425.16,0,6801.788,0
USEP,06 Jan 2023,40,799.79,0,6758.45,0
USEP,06 Jan 2023,41,799.78,0,6737.163,0
USEP,06 Jan 2023,42,325.85,0,6705.504,0
USEP,06 Jan 2023,43,310.82,0,6598.361,0
USEP,06 Jan 2023,44,263.17,0,6436.751,0
USEP,06 Jan 2023,45,257.63,0,6268.467,0
USEP,06 Jan 2023,46,246.26,0,6139.292,0
USEP,06 Jan 2023,47,250.52,0,6015.435,0
USEP,06 Jan 2023,48,250.5,0,5945.094,0
USEP,07 Jan 2023,1,327.44,0,5856.658,0
USEP,07 Jan 2023,2,281.19,0,5767.635,0
USEP,07 Jan 2023,3,216.78,0,5652.53,0
USEP,07 Jan 2023,4,181.36,0,5578.755,0
USEP,07 Jan 2023,5,181.3,0,5511.69,0
USEP,07 Jan 2023,6,164.03,0,5459.217,0
USEP,07 Jan 2023,7,162.23,0,5420.004,0
USEP,07 Jan 2023,8,160.84,0,5384.274,0
USEP,07 Jan 2023,9,160.76,0,5372.615,0
USEP,07 Jan 2023,10,160.82,0,5377.451,0
USEP,07 Jan 2023,11,161,0,5410.814,0
USEP,07 Jan 2023,12,181.28,0,5480.151,0
USEP,07 Jan 2023,13,162.25,0,5558.359,0
USEP,07 Jan 2023,14,181.32,0,5621.97,0
USEP,07 Jan 2023,15,216.74,0,5703.965,0
USEP,07 Jan 2023,16,286.34,0,5838.498,0
USEP,07 Jan 2023,17,250.62,0,5999.232,0
USEP,07 Jan 2023,18,250.65,0,6080.676,0
USEP,07 Jan 2023,19,251.3,0,6152.582,0
USEP,07 Jan 2023,20,251.3,0,6205.786,0
USEP,07 Jan 2023,21,251.29,0,6235.094,0
USEP,07 Jan 2023,22,251.29,0,6282.264,0
USEP,07 Jan 2023,23,250.59,0,6265.003,0
USEP,07 Jan 2023,24,246.26,0,6227.266,0
USEP,07 Jan 2023,25,207.58,0,6155.603,0
USEP,07 Jan 2023,26,216.7,0,6162.875,0
USEP,07 Jan 2023,99,99999,9.99,9999.268,9.999
USEP,07 Jan 2023,28,194.04,0,6136.509,0
USEP,07 Jan 2023,29,181.56,0,6148.988,0
USEP,07 Jan 2023,30,207.51,0,6190.244,0
USEP,07 Jan 2023,31,207.63,0,6187.014,0
USEP,07 Jan 2023,32,194.09,0,6140.102,0
USEP,07 Jan 2023,33,191.76,0,6137.518,0
USEP,07 Jan 2023,34,232.25,0,6212.57,0
USEP,07 Jan 2023,35,242.15,0,6273.04,0
USEP,07 Jan 2023,36,250.46,0,6289.207,0
USEP,07 Jan 2023,37,250.74,0,6336.248,0
USEP,07 Jan 2023,38,251.36,0,6381.063,0
USEP,07 Jan 2023,39,251.29,0,6412.398,0
USEP,07 Jan 2023,40,250.75,0,6406.221,0
USEP,07 Jan 2023,41,248.97,0,6417.254,0
USEP,07 Jan 2023,42,249.02,0,6419.053,0
USEP,07 Jan 2023,43,244.38,0,6380.834,0
USEP,07 Jan 2023,44,250.65,0,6278.566,0
USEP,07 Jan 2023,45,241.35,0,6150.937,0
USEP,07 Jan 2023,46,207.61,0,6063.127,0
USEP,07 Jan 2023,47,202.74,0,5969.462,0
USEP,07 Jan 2023,48,181.44,0,5837.19,0
USEP,08 Jan 2023,1,203.98,0,5700.848,0
USEP,08 Jan 2023,2,185.33,0,5600.892,0
USEP,08 Jan 2023,3,232.04,0,5575.028,0
USEP,08 Jan 2023,4,207.47,0,5479.932,0
USEP,08 Jan 2023,5,207.43,0,5413.334,0
USEP,08 Jan 2023,6,185.27,0,5338.217,0
USEP,08 Jan 2023,7,160.8,0,5264.413,0
USEP,08 Jan 2023,8,154.01,0,5237.466,0
USEP,08 Jan 2023,9,160.8,0,5241.934,0
USEP,08 Jan 2023,10,160.8,0,5254.841,0
USEP,08 Jan 2023,11,181.21,0,5289.974,0
USEP,08 Jan 2023,12,200.73,0,5347.337,0
USEP,08 Jan 2023,13,117.93,0,5405.571,0
USEP,08 Jan 2023,14,120.42,0,5451.2,0
USEP,08 Jan 2023,15,130.63,0,5478.476,0
USEP,08 Jan 2023,16,139.96,0,5547.708,0
USEP,08 Jan 2023,17,160.89,0,5635.543,0
USEP,08 Jan 2023,18,181.14,0,5695.207,0
USEP,08 Jan 2023,19,154.08,0,5725.977,0
USEP,08 Jan 2023,20,144.52,0,5747.323,0
USEP,08 Jan 2023,21,154.1,0,5794.831,0
USEP,08 Jan 2023,22,161.04,0,5831.813,0
USEP,08 Jan 2023,23,142.56,0,5806.58,0
USEP,08 Jan 2023,24,130.9,0,5786.019,0
USEP,08 Jan 2023,25,125.53,0,5767.879,0
USEP,08 Jan 2023,26,142.58,0,5795.925,0
USEP,08 Jan 2023,27,161.04,0,5822.146,0
USEP,08 Jan 2023,28,145.9,0,5796.62,0
USEP,08 Jan 2023,29,144.5,0,5812.241,0
USEP,08 Jan 2023,30,161.04,0,5836.256,0
USEP,08 Jan 2023,31,161.28,0,5862.016,0
USEP,08 Jan 2023,32,181.47,0,5905.811,0
USEP,08 Jan 2023,33,191.73,0,5928.892,0
USEP,08 Jan 2023,34,200.95,0,5973.468,0
USEP,08 Jan 2023,35,207.46,0,5999.451,0
USEP,08 Jan 2023,36,207.75,0,6045.443,0
USEP,08 Jan 2023,37,282.97,0,6104.606,0
USEP,08 Jan 2023,38,350.72,0,6203.037,0
USEP,08 Jan 2023,39,450.14,0,6292.507,0
USEP,08 Jan 2023,40,452.24,0,6324.941,0
USEP,08 Jan 2023,41,501.22,0,6352.222,0
USEP,08 Jan 2023,42,502.53,0,6364.706,0
USEP,08 Jan 2023,43,837.46,0,6342.366,0
USEP,08 Jan 2023,44,501.06,0,6273.323,0
USEP,08 Jan 2023,45,362.12,0,6166.234,0
USEP,08 Jan 2023,46,324.16,0,6082.341,0
USEP,08 Jan 2023,47,292.37,0,5984.894,0
USEP,08 Jan 2023,48,232.1,0,5870.47,0
USEP,09 Jan 2023,1,206.76,0,5748.953,0
USEP,09 Jan 2023,2,182.87,0,5637.546,0
USEP,09 Jan 2023,3,181.13,0,5562.956,0
USEP,09 Jan 2023,4,133.95,0,5489.668,0
USEP,09 Jan 2023,5,122.01,0,5421.534,0
USEP,09 Jan 2023,6,121.86,0,5387.53,0
USEP,09 Jan 2023,7,121.83,0,5348.734,0
USEP,09 Jan 2023,8,106.01,0,5342.238,0
USEP,09 Jan 2023,9,125.05,0,5330.161,0
USEP,09 Jan 2023,10,121.69,0,5335.484,0
USEP,09 Jan 2023,11,181.08,0,5441.892,0
USEP,09 Jan 2023,12,206.44,0,5608.486,0
USEP,09 Jan 2023,13,251.28,0,5817.504,0
USEP,09 Jan 2023,14,416.2,0,6026.746,0
USEP,09 Jan 2023,15,500.34,0,6232.246,0
USEP,09 Jan 2023,16,882.35,0,6459.126,0
USEP,09 Jan 2023,17,1080.93,0,6664.159,0
USEP,09 Jan 2023,18,1079.3,0,6795.908,0
USEP,09 Jan 2023,19,3852.2,0,6874.514,0
USEP,09 Jan 2023,20,3956.49,4500,6880.405,8
USEP,09 Jan 2023,21,928.66,4500,6897.944,8
USEP,09 Jan 2023,22,1301.07,194.71,6871.752,8
USEP,09 Jan 2023,23,1100.45,0,6850.469,0
USEP,09 Jan 2023,24,899.96,0,6809.745,0
USEP,09 Jan 2023,25,882.37,0,6749.295,0
USEP,09 Jan 2023,26,882.38,0,6762.803,0
USEP,09 Jan 2023,27,899.89,0,6815.083,0
USEP,09 Jan 2023,28,928.15,0,6875.235,0
USEP,09 Jan 2023,29,1100.75,0,6925.352,0
USEP,09 Jan 2023,30,1076.89,4.3,6872.769,5
USEP,09 Jan 2023,31,1078.05,0,6878.917,5
USEP,09 Jan 2023,32,1078.06,0,6876.86,0
USEP,09 Jan 2023,33,1078.08,0,6875.602,0
USEP,09 Jan 2023,34,1078.06,0,6880.587,0
USEP,09 Jan 2023,35,1078.12,0,6881.074,0
USEP,09 Jan 2023,36,899.48,0,6829.436,0
USEP,09 Jan 2023,37,838.42,0,6773.643,0
USEP,09 Jan 2023,38,1078.03,0,6835.683,0
USEP,09 Jan 2023,39,1079.04,0,6855.663,0
USEP,09 Jan 2023,40,3333.98,0,6828.059,0
USEP,09 Jan 2023,41,3960.68,0,6777.41,0
USEP,09 Jan 2023,42,936.48,0,6708.814,0
USEP,09 Jan 2023,43,3333.03,0,6649.09,0
USEP,09 Jan 2023,44,3336.62,0,6518.21,0
USEP,09 Jan 2023,45,451.3,0,6364.03,0
USEP,09 Jan 2023,46,362.09,0,6211.337,0
USEP,09 Jan 2023,47,287.2,0,6067.316,0
USEP,09 Jan 2023,48,206.61,0,5939.558,0
USEP,10 Jan 2023,1,260.77,0,5804.279,0
USEP,10 Jan 2023,2,201.53,0,5698.269,0
USEP,10 Jan 2023,3,201.46,0,5649.563,0
USEP,10 Jan 2023,4,193.64,0,5588.576,0
USEP,10 Jan 2023,5,178.05,0,5530.77,0
USEP,10 Jan 2023,6,193.8,0,5491.393,0
USEP,10 Jan 2023,7,193.79,0,5471.07,0
USEP,10 Jan 2023,8,201.4,0,5500.14,0
USEP,10 Jan 2023,9,193.62,0,5494.892,0
USEP,10 Jan 2023,10,136.36,0,5496.005,0
USEP,10 Jan 2023,11,120.79,0,5579.725,0
USEP,10 Jan 2023,12,201.26,0,5751.905,0
USEP,10 Jan 2023,13,202.41,0,5946.232,0
USEP,10 Jan 2023,14,202.49,0,6129.074,0
USEP,10 Jan 2023,15,207.8,0,6320.513,0
USEP,10 Jan 2023,16,405.77,0,6545.694,0
USEP,10 Jan 2023,17,454.34,0,6732.382,0
USEP,10 Jan 2023,18,504.49,0,6822.518,0
USEP,10 Jan 2023,19,392.73,0,6855.553,0
USEP,10 Jan 2023,20,504.78,0,6937.966,0
USEP,10 Jan 2023,21,308.85,0,6977.607,0
USEP,10 Jan 2023,22,306.08,0,6960.624,0
USEP,10 Jan 2023,23,308.51,0,6942.18,0
USEP,10 Jan 2023,24,308.38,0,6913.384,0
USEP,10 Jan 2023,25,312.9,0,6853.844,0
USEP,10 Jan 2023,26,307.55,0,6879.211,0
USEP,10 Jan 2023,27,312.87,0,6948.477,0
USEP,10 Jan 2023,28,308.32,0,6935.342,0
USEP,10 Jan 2023,29,302.92,0,6928.632,0
USEP,10 Jan 2023,30,307.52,0,6935.521,0
USEP,10 Jan 2023,31,333.02,0,7004.35,0
USEP,10 Jan 2023,32,333.1,0,7019.439,0
USEP,10 Jan 2023,33,308.87,0,6986.493,0
USEP,10 Jan 2023,34,307.51,0,6965.5,0
USEP,10 Jan 2023,35,302.59,0,6876.552,0
USEP,10 Jan 2023,36,281.41,0,6825.659,0
USEP,10 Jan 2023,37,290.69,0,6818.706,0
USEP,10 Jan 2023,38,292.25,0,6833.884,0
USEP,10 Jan 2023,39,302.57,0,6833.283,0
USEP,10 Jan 2023,40,292.28,0,6809.715,0
USEP,10 Jan 2023,41,302.7,0,6792.907,0
USEP,10 Jan 2023,42,289.08,0,6741.691,0
USEP,10 Jan 2023,43,251.27,0,6673.552,0
USEP,10 Jan 2023,44,250.66,0,6537.97,0
USEP,10 Jan 2023,45,250.62,0,6400.967,0
USEP,10 Jan 2023,46,267.29,0,6313.709,0
USEP,10 Jan 2023,47,251.61,0,6245.362,0
USEP,10 Jan 2023,48,251.28,0,6166.592,0
USEP,11 Jan 2023,1,251.65,0,6062.217,0
USEP,11 Jan 2023,2,207.75,0,5947.589,0
USEP,11 Jan 2023,3,201.48,0,5846.425,0
USEP,11 Jan 2023,4,177.07,0,5751.423,0
USEP,11 Jan 2023,5,171.84,0,5704.352,0
USEP,11 Jan 2023,6,167.21,0,5672.211,0
USEP,11 Jan 2023,7,136.69,0,5610.628,0
USEP,11 Jan 2023,8,119.93,0,5533.27,0
USEP,11 Jan 2023,9,108.13,0,5489.738,0
USEP,11 Jan 2023,10,120.48,0,5542.628,0
USEP,11 Jan 2023,11,148.15,0,5656.968,0
USEP,11 Jan 2023,12,201.46,0,5821.679,0
USEP,11 Jan 2023,13,201.52,0,5948.061,0
USEP,11 Jan 2023,14,202.56,0,6107.618,0
USEP,11 Jan 2023,15,241.72,0,6329.071,0
USEP,11 Jan 2023,16,308.54,0,6555.385,0
USEP,11 Jan 2023,17,285.63,0,6687.1,0
USEP,11 Jan 2023,18,313.61,0,6791.937,0
USEP,11 Jan 2023,19,302.9,0,6840.281,0
USEP,11 Jan 2023,20,309.82,0,6872.337,0
USEP,11 Jan 2023,21,302.69,0,6909.592,0
USEP,11 Jan 2023,22,302.88,0,6930.451,0
USEP,11 Jan 2023,23,313.16,0,6958.626,0
USEP,11 Jan 2023,24,308.77,0,6960.853,0
USEP,11 Jan 2023,25,330.72,0,6948.184,0
USEP,11 Jan 2023,26,308.77,0,6923.637,0
USEP,11 Jan 2023,27,308.76,0,6952.449,0
USEP,11 Jan 2023,28,308.79,0,6957.672,0
USEP,11 Jan 2023,29,302.71,0,6924.92,0
USEP,11 Jan 2023,30,292.4,0,6874.718,0
USEP,11 Jan 2023,31,261.99,0,6845.216,0
USEP,11 Jan 2023,32,250.33,0,6817.011,0
USEP,11 Jan 2023,33,223.32,0,6775.641,0
USEP,11 Jan 2023,34,244.25,0,6799.114,0
USEP,11 Jan 2023,35,250.36,0,6797.643,0
USEP,11 Jan 2023,36,223.3,0,6754.767,0
USEP,11 Jan 2023,37,213.18,0,6688.899,0
USEP,11 Jan 2023,38,213.18,0,6712.273,0
USEP,11 Jan 2023,39,244.3,0,6747.625,0
USEP,11 Jan 2023,40,236.21,0,6720.235,0
USEP,11 Jan 2023,41,223.36,0,6685.545,0
USEP,11 Jan 2023,42,202.72,0,6646.53,0
USEP,11 Jan 2023,43,208.2,0,6568.238,0
USEP,11 Jan 2023,44,201.87,0,6429.033,0
USEP,11 Jan 2023,45,201.62,0,6281.23,0
USEP,11 Jan 2023,46,201.02,0,6155.41,0
USEP,11 Jan 2023,47,200.48,0,6073.206,0
USEP,11 Jan 2023,48,200.98,0,6017.318,0
USEP,12 Jan 2023,1,201.59,0,5934.19,0
USEP,12 Jan 2023,2,177.1,0,5841.514,0
USEP,12 Jan 2023,3,146.71,0,5739.122,0
USEP,12 Jan 2023,4,120.51,0,5632.024,0
USEP,12 Jan 2023,5,106.2,0,5539.194,0
USEP,12 Jan 2023,6,100.5,0,5457.075,0
USEP,12 Jan 2023,7,100.32,0,5398.936,0
USEP,12 Jan 2023,8,95.64,0,5341.572,0
USEP,12 Jan 2023,9,100.3,0,5381.089,0
USEP,12 Jan 2023,10,100.31,0,5405.983,0
USEP,12 Jan 2023,11,100.41,0,5476.463,0
USEP,12 Jan 2023,12,120.9,0,5657.431,0
USEP,12 Jan 2023,13,201,0,5874.644,0
USEP,12 Jan 2023,14,201.62,0,6042.268,0
USEP,12 Jan 2023,15,202.11,0,6207.838,0
USEP,12 Jan 2023,16,245.8,0,6415.689,0
USEP,12 Jan 2023,17,251.35,0,6556.066,0
USEP,12 Jan 2023,18,260.38,0,6639.135,0
USEP,12 Jan 2023,19,251.73,0,6698.104,0
USEP,12 Jan 2023,20,290.63,0,6807.936,0
USEP,12 Jan 2023,21,302.7,0,6894.951,0
USEP,12 Jan 2023,22,302.87,2262.66,6912.261,10
USEP,12 Jan 2023,23,302.89,0,6895.984,10
USEP,12 Jan 2023,24,292.19,126.86,6810.47,10
USEP,12 Jan 2023,25,260.32,0,6712.576,0
USEP,12 Jan 2023,26,241.61,0,6654.512,0
USEP,12 Jan 2023,27,250.61,0,6691.951,0
USEP,12 Jan 2023,28,260.39,0,6790.412,0
USEP,12 Jan 2023,29,290.6,0,6815.386,0
USEP,12 Jan 2023,30,260.35,0,6787.922,0
USEP,12 Jan 2023,31,292.38,0,6843.566,0
USEP,12 Jan 2023,32,302.35,0,6866.86,0
USEP,12 Jan 2023,33,302.65,0,6896.804,0
USEP,12 Jan 2023,34,325.79,2160.34,6889.938,8
USEP,12 Jan 2023,35,312.68,3044.05,6870.714,8
USEP,12 Jan 2023,36,302.7,0,6798.14,0
USEP,12 Jan 2023,37,262.06,0,6775.283,0
USEP,12 Jan 2023,38,290.68,0,6815.609,0
USEP,12 Jan 2023,39,302.68,0,6866.149,0
USEP,12 Jan 2023,40,302.69,0,6861.622,0
USEP,12 Jan 2023,41,302.6,0,6818.333,0
USEP,12 Jan 2023,42,292.29,0,6778.663,0
USEP,12 Jan 2023,43,302.75,0,6701.17,0
USEP,12 Jan 2023,44,281,0,6576.13,0
USEP,12 Jan 2023,45,272.74,0,6415.763,0
USEP,12 Jan 2023,46,250.4,0,6273.119,0
USEP,12 Jan 2023,47,222.42,0,6140.738,0
USEP,12 Jan 2023,48,201.61,0,5973.289,0
USEP,13 Jan 2023,1,152.83,0,5819.124,0
USEP,13 Jan 2023,2,124.24,0,5711.37,0
USEP,13 Jan 2023,3,146.7,0,5676.212,0
USEP,13 Jan 2023,4,120.9,0,5622.998,0
USEP,13 Jan 2023,5,111.18,0,5566.504,0
USEP,13 Jan 2023,6,111.15,0,5516.65,0
USEP,13 Jan 2023,7,110.77,0,5484.574,0
USEP,13 Jan 2023,8,106.88,0,5468.809,0
USEP,13 Jan 2023,9,109.44,0,5472.293,0
USEP,13 Jan 2023,10,106.86,0,5456.31,0
USEP,13 Jan 2023,11,120.5,0,5541.52,0
USEP,13 Jan 2023,12,161.88,0,5700.138,0
USEP,13 Jan 2023,13,201.47,0,5893.565,0
USEP,13 Jan 2023,14,202.55,0,6082.067,0
USEP,13 Jan 2023,15,213.07,0,6261.867,0
USEP,13 Jan 2023,16,261.94,0,6485.736,0
USEP,13 Jan 2023,17,302.7,0,6684.63,0
USEP,13 Jan 2023,18,350.78,0,6812.25,0
USEP,13 Jan 2023,19,302.89,0,6870.389,0
USEP,13 Jan 2023,20,302.9,0,6907.947,0
USEP,13 Jan 2023,21,302.98,0,6928.438,0
USEP,13 Jan 2023,22,302.96,0,6932.27,0
USEP,13 Jan 2023,23,304.33,0,6929.676,0
USEP,13 Jan 2023,24,302.65,0,6882.918,0
USEP,13 Jan 2023,25,302.67,0,6852.059,0
USEP,13 Jan 2023,26,302.5,0,6839.674,0
USEP,13 Jan 2023,27,302.69,0,6900.278,0
USEP,13 Jan 2023,28,333.01,0,6947.071,0
USEP,13 Jan 2023,29,353.82,0,7011.278,0
USEP,13 Jan 2023,30,353.83,0,7020.329,0
USEP,13 Jan 2023,31,385.95,0,7038.082,0
USEP,13 Jan 2023,32,392.93,0,7044.935,0
USEP,13 Jan 2023,33,379.8,1867.88,7026.966,7
USEP,13 Jan 2023,34,400.97,0,6994.741,7
USEP,13 Jan 2023,35,350.53,84.08,6919.719,7
USEP,13 Jan 2023,36,302.35,0,6807.722,0
USEP,13 Jan 2023,37,302.71,0,6745.97,0
USEP,13 Jan 2023,38,258.95,0,6729.628,0
USEP,13 Jan 2023,39,250.36,0,6720.002,0
USEP,13 Jan 2023,40,241.5,0,6677.836,0
USEP,13 Jan 2023,41,223.34,0,6638.966,0
USEP,13 Jan 2023,42,202.71,0,6600.458,0
USEP,13 Jan 2023,43,250.4,0,6537.225,0
USEP,13 Jan 2023,44,202.66,0,6429.411,0
USEP,13 Jan 2023,45,213.14,0,6291.473,0
USEP,13 Jan 2023,46,201.81,0,6187.481,0
USEP,13 Jan 2023,47,194.01,0,6072.426,0
USEP,13 Jan 2023,48,146.76,0,5897.069,0
USEP,14 Jan 2023,1,142.39,0,5726.986,0
USEP,14 Jan 2023,2,125.59,0,5621.388,0
USEP,14 Jan 2023,3,169.03,0,5650.04,0
USEP,14 Jan 2023,4,146.68,0,5582.205,0
USEP,14 Jan 2023,5,167.15,0,5514.429,0
USEP,14 Jan 2023,6,141.02,0,5465.295,0
USEP,14 Jan 2023,7,125.52,0,5420.466,0
USEP,14 Jan 2023,8,116.83,0,5376.367,0
USEP,14 Jan 2023,9,116.71,0,5365.781,0
USEP,14 Jan 2023,10,119.43,0,5375.627,0
USEP,14 Jan 2023,11,125.49,0,5424.014,0
USEP,14 Jan 2023,12,140.99,0,5470.653,0
USEP,14 Jan 2023,13,141.02,0,5560.54,0
USEP,14 Jan 2023,14,168.32,0,5636.646,0
USEP,14 Jan 2023,15,169.03,0,5727.607,0
USEP,14 Jan 2023,16,202.49,0,5892.949,0
USEP,14 Jan 2023,17,194.16,0,6076.382,0
USEP,14 Jan 2023,18,201.8,0,6202.997,0
USEP,14 Jan 2023,19,206.61,0,6283.685,0
USEP,14 Jan 2023,20,206.64,0,6347.982,0
USEP,14 Jan 2023,21,206.73,0,6387.499,0
USEP,14 Jan 2023,22,206.65,0,6388.334,0
USEP,14 Jan 2023,23,202.9,0,6380.973,0
USEP,14 Jan 2023,24,197.88,0,6323.53,0
USEP,14 Jan 2023,25,195.41,0,6268.373,0
USEP,14 Jan 2023,26,195.17,0,6239.358,0
USEP,14 Jan 2023,27,195.37,0,6246.803,0
USEP,14 Jan 2023,28,194.17,0,6226.535,0
USEP,14 Jan 2023,29,194.25,0,6223.021,0
USEP,14 Jan 2023,30,194.25,0,6207.605,0
USEP,14 Jan 2023,31,194.63,0,6213.762,0
USEP,14 Jan 2023,32,195.2,0,6218.206,0
USEP,14 Jan 2023,33,195.42,0,6243.538,0
USEP,14 Jan 2023,34,195.42,0,6252.344,0
USEP,14 Jan 2023,35,195.97,0,6273.845,0
USEP,14 Jan 2023,36,195.96,0,6287.935,0
USEP,14 Jan 2023,37,197.93,0,6336.929,0
USEP,14 Jan 2023,38,206.73,0,6392.111,0
USEP,14 Jan 2023,39,206.83,0,6437.293,0
USEP,14 Jan 2023,40,202.98,0,6427.875,0
USEP,14 Jan 2023,41,202.91,0,6418.79,0
USEP,14 Jan 2023,42,206.72,0,6449.614,0
USEP,14 Jan 2023,43,197.96,0,6392.538,0
USEP,14 Jan 2023,44,195.98,0,6276.807,0
USEP,14 Jan 2023,45,202.6,0,6174.549,0
USEP,14 Jan 2023,46,195.98,0,6092.494,0
USEP,14 Jan 2023,47,195.48,0,6005.157,0
USEP,14 Jan 2023,48,177.22,0,5890.857,0
USEP,15 Jan 2023,1,187.64,0,5797.023,0
USEP,15 Jan 2023,2,177.12,0,5739.838,0
USEP,15 Jan 2023,3,187.54,0,5709.963,0
USEP,15 Jan 2023,4,146.68,0,5599.818,0
USEP,15 Jan 2023,5,123.47,0,5489.743,0
USEP,15 Jan 2023,6,115.97,0,5415.232,0
USEP,15 Jan 2023,7,107.71,0,5358.44,0
USEP,15 Jan 2023,8,105.44,0,5336.294,0
USEP,15 Jan 2023,9,105.35,0,5324.903,0
USEP,15 Jan 2023,10,105.42,0,5333.734,0
USEP,15 Jan 2023,11,105.43,0,5358.589,0
USEP,15 Jan 2023,12,125.52,0,5422.837,0
USEP,15 Jan 2023,13,146.66,0,5492.705,0
USEP,15 Jan 2023,14,125.82,0,5515.87,0
USEP,15 Jan 2023,15,115.96,0,5536.903,0
USEP,15 Jan 2023,16,136.75,0,5613.744,0
USEP,15 Jan 2023,17,125.64,0,5660.492,0
USEP,15 Jan 2023,18,125.54,0,5702.016,0
USEP,15 Jan 2023,19,146.69,0,5805.164,0
USEP,15 Jan 2023,20,177.14,0,5922.401,0
USEP,15 Jan 2023,21,192.2,0,6018.332,0
USEP,15 Jan 2023,22,188.91,0,6029.569,0
USEP,15 Jan 2023,23,168.33,0,5985.739,0
USEP,15 Jan 2023,24,146.13,0,5908.57,0
USEP,15 Jan 2023,25,114.28,0,5853.661,0
USEP,15 Jan 2023,26,125.69,0,5868.715,0
USEP,15 Jan 2023,27,146.12,0,5887.045,0
USEP,15 Jan 2023,28,160.51,0,5932.361,0
USEP,15 Jan 2023,29,157.16,0,5939.563,0
USEP,15 Jan 2023,30,177.14,0,5984.68,0
USEP,15 Jan 2023,31,187.57,0,6001.315,0
USEP,15 Jan 2023,32,177.17,0,5981.32,0
USEP,15 Jan 2023,33,188.88,0,6036.9,0
USEP,15 Jan 2023,34,192.27,0,6086.237,0
USEP,15 Jan 2023,35,206.71,0,6203.688,0
USEP,15 Jan 2023,36,223.29,0,6264.63,0
USEP,15 Jan 2023,37,241.46,0,6328.226,0
USEP,15 Jan 2023,38,206.84,0,6349.737,0
USEP,15 Jan 2023,39,223.35,0,6385.913,0
USEP,15 Jan 2023,40,241.51,0,6437.845,0
USEP,15 Jan 2023,41,300.74,0,6515.516,0
USEP,15 Jan 2023,42,300.75,0,6504.483,0
USEP,15 Jan 2023,43,261.93,0,6471.154,0
USEP,15 Jan 2023,44,251.25,0,6380.456,0
USEP,15 Jan 2023,45,241.44,0,6250.302,0
USEP,15 Jan 2023,46,206.41,0,6090.029,0
USEP,15 Jan 2023,47,194.2,0,5932.078,0
USEP,15 Jan 2023,48,146.78,0,5796.546,0
USEP,16 Jan 2023,1,105.5,0,5685.431,0
USEP,16 Jan 2023,2,105.41,0,5582.12,0
USEP,16 Jan 2023,3,105.48,0,5573.666,0
USEP,16 Jan 2023,4,105.43,0,5504.275,0
USEP,16 Jan 2023,5,103.39,0,5439.262,0
USEP,16 Jan 2023,6,98.85,0,5390.606,0
USEP,16 Jan 2023,7,101.14,0,5372.053,0
USEP,16 Jan 2023,8,97.01,0,5338.371,0
USEP,16 Jan 2023,9,95.02,0,5312.204,0
USEP,16 Jan 2023,10,96.99,0,5332.547,0
USEP,16 Jan 2023,11,105.38,0,5437.851,0
USEP,16 Jan 2023,12,120.16,0,5603.884,0
USEP,16 Jan 2023,13,143.72,0,5809.91,0
USEP,16 Jan 2023,14,187.65,0,6013.074,0
USEP,16 Jan 2023,15,206.63,0,6241.579,0
USEP,16 Jan 2023,16,261.3,0,6467.029,0
USEP,16 Jan 2023,17,307.77,0,6684.178,0
USEP,16 Jan 2023,18,392.68,0,6834.331,0
USEP,16 Jan 2023,19,307.92,0,6905.124,0
USEP,16 Jan 2023,20,312.67,0,6947.951,0
USEP,16 Jan 2023,21,309.68,0,6950.351,0
USEP,16 Jan 2023,22,307.93,498.97,6935.226,8.5
USEP,16 Jan 2023,23,307.69,5.6,6880.825,8.5
USEP,16 Jan 2023,24,307.63,8.36,6852.51,8.5
USEP,16 Jan 2023,25,302.6,0,6819.441,0
USEP,16 Jan 2023,26,307.59,0,6838.243,0
USEP,16 Jan 2023,27,307.84,0,6908.017,0
USEP,16 Jan 2023,28,307.88,0,6913.414,0
USEP,16 Jan 2023,29,307.83,0,6937.742,0
USEP,16 Jan 2023,30,307.86,0,6932.042,0
USEP,16 Jan 2023,31,307.86,0,6955.53,0
USEP,16 Jan 2023,32,312.94,2604.31,6997.704,8.5
USEP,16 Jan 2023,33,336.68,1970.5,7021.481,8.5
USEP,16 Jan 2023,34,312.9,2871.74,6980.94,8.5
USEP,16 Jan 2023,35,307.94,0,6933.597,0
USEP,16 Jan 2023,36,293.22,0,6836.488,0
USEP,16 Jan 2023,37,293.08,0,6800.163,0
USEP,16 Jan 2023,38,307.74,0,6824.451,0
USEP,16 Jan 2023,39,307.77,0,6851.314,0
USEP,16 Jan 2023,40,307.78,0,6824.953,0
USEP,16 Jan 2023,41,300.85,0,6782.922,0
USEP,16 Jan 2023,42,292.27,0,6733.674,0
USEP,16 Jan 2023,43,292.3,0,6655.859,0
USEP,16 Jan 2023,44,251.23,0,6529.382,0
USEP,16 Jan 2023,45,250.56,0,6367.191,0
USEP,16 Jan 2023,46,206.73,0,6227.435,0
USEP,16 Jan 2023,47,202.95,0,6091.868,0
USEP,16 Jan 2023,48,142.16,0,5886.746,0
USEP,17 Jan 2023,1,119.82,0,5690.262,0
USEP,17 Jan 2023,2,105.88,0,5580.53,0
USEP,17 Jan 2023,3,123.58,0,5618.113,0
USEP,17 Jan 2023,4,119.22,0,5551.823,0
USEP,17 Jan 2023,5,105.84,0,5493.301,0
USEP,17 Jan 2023,6,105.85,0,5442.458,0
USEP,17 Jan 2023,7,105.48,0,5403.767,0
USEP,17 Jan 2023,8,105.42,0,5384.637,0
USEP,17 Jan 2023,9,105.42,0,5362.734,0
USEP,17 Jan 2023,10,105.41,0,5376.367,0
USEP,17 Jan 2023,11,118.75,0,5484.45,0
USEP,17 Jan 2023,12,146.69,0,5641.094,0
USEP,17 Jan 2023,13,177.09,0,5824.423,0
USEP,17 Jan 2023,14,177.22,0,5998.656,0
USEP,17 Jan 2023,15,202.86,0,6206.695,0
USEP,17 Jan 2023,16,241.5,0,6420.798,0
USEP,17 Jan 2023,17,261.93,0,6620.388,0
USEP,17 Jan 2023,18,292.22,0,6727.208,0
USEP,17 Jan 2023,19,280.6,0,6778.817,0
USEP,17 Jan 2023,20,292.2,0,6828.407,0
USEP,17 Jan 2023,21,281.65,0,6823.984,0
USEP,17 Jan 2023,22,262.04,0,6810.421,0
USEP,17 Jan 2023,23,255.89,0,6761.61,0
USEP,17 Jan 2023,24,251.84,0,6721.94,0
USEP,17 Jan 2023,25,150.16,0,6626.431,0
USEP,17 Jan 2023,26,141.49,0,6615.761,0
USEP,17 Jan 2023,27,187.97,0,6662.315,0
USEP,17 Jan 2023,28,202.74,0,6716.831,0
USEP,17 Jan 2023,29,202.03,0,6704.674,0
USEP,17 Jan 2023,30,121.82,0,6696.603,0
USEP,17 Jan 2023,31,202.04,0,6733.967,0
USEP,17 Jan 2023,32,208.1,0,6754.136,0
USEP,17 Jan 2023,33,211.13,0,6777.047,0
USEP,17 Jan 2023,34,208.11,0,6797.091,0
USEP,17 Jan 2023,35,251.9,0,6804.313,0
USEP,17 Jan 2023,36,213.28,0,6767.878,0
USEP,17 Jan 2023,37,213.2,0,6745.478,0
USEP,17 Jan 2023,38,261.94,0,6785.551,0
USEP,17 Jan 2023,39,308.19,0,6794.542,0
USEP,17 Jan 2023,40,302.56,0,6772.5,0
USEP,17 Jan 2023,41,3343.12,0,6737.108,0
USEP,17 Jan 2023,42,4500,0,6678.785,0
USEP,17 Jan 2023,43,261.95,0,6602.108,0
USEP,17 Jan 2023,44,207.29,0,6481.775,0
USEP,17 Jan 2023,45,207.27,0,6336.969,0
USEP,17 Jan 2023,46,206.97,0,6195.821,0
USEP,17 Jan 2023,47,167.39,0,6057.655,0
USEP,17 Jan 2023,48,123.43,0,5891.518,0
USEP,18 Jan 2023,1,126.22,0,5728.516,0
USEP,18 Jan 2023,2,124.6,0,5616.18,0
USEP,18 Jan 2023,3,126.19,0,5599.108,0
USEP,18 Jan 2023,4,110.6,0,5532.047,0
USEP,18 Jan 2023,5,110.53,0,5476.055,0
USEP,18 Jan 2023,6,105.97,0,5412.181,0
USEP,18 Jan 2023,7,105.74,0,5361.805,0
USEP,18 Jan 2023,8,105.64,0,5343.734,0
USEP,18 Jan 2023,9,105.64,0,5339.947,0
USEP,18 Jan 2023,10,105.65,0,5350.707,0
USEP,18 Jan 2023,11,108.45,0,5443.457,0
USEP,18 Jan 2023,12,125.88,0,5604.416,0
USEP,18 Jan 2023,13,140.26,0,5794.006,0
USEP,18 Jan 2023,14,164.88,0,5974.034,0
USEP,18 Jan 2023,15,202.9,0,6170.156,0
USEP,18 Jan 2023,16,207.76,0,6383.354,0
USEP,18 Jan 2023,17,230.53,0,6591.239,0
USEP,18 Jan 2023,18,285.72,0,6711.652,0
USEP,18 Jan 2023,19,251.77,0,6764.662,0
USEP,18 Jan 2023,20,292.25,0,6810.172,0
USEP,18 Jan 2023,21,300.7,0,6823.621,0
USEP,18 Jan 2023,22,292.27,0,6802.991,0
USEP,18 Jan 2023,23,300.44,0,6804.74,0
USEP,18 Jan 2023,24,262.19,0,6777.49,0
USEP,18 Jan 2023,25,251.86,0,6714.55,0
USEP,18 Jan 2023,26,250.38,0,6695.231,0
USEP,18 Jan 2023,27,260.55,0,6772.748,0
USEP,18 Jan 2023,28,292.55,0,6801.455,0
USEP,18 Jan 2023,29,260.6,0,6782.634,0
USEP,18 Jan 2023,30,255.93,0,6780.979,0
USEP,18 Jan 2023,31,262.06,0,6800.133,0
USEP,18 Jan 2023,32,308.25,0,6812.96,0
USEP,18 Jan 2023,33,312.63,0,6815.878,0
USEP,18 Jan 2023,34,351.69,0,6868.451,0
USEP,18 Jan 2023,35,300.72,0,6838.695,0
USEP,18 Jan 2023,36,251.78,0,6762.43,0
USEP,18 Jan 2023,37,250.4,0,6730.13,0
USEP,18 Jan 2023,38,250.41,0,6755.656,0
USEP,18 Jan 2023,39,261.96,0,6774.214,0
USEP,18 Jan 2023,40,261.32,0,6754.215,0
USEP,18 Jan 2023,41,251.95,0,6703.387,0
USEP,18 Jan 2023,42,223.39,0,6647.141,0
USEP,18 Jan 2023,43,220.52,0,6572.393,0
USEP,18 Jan 2023,44,204.64,0,6438.158,0
USEP,18 Jan 2023,45,202.84,0,6281.747,0
USEP,18 Jan 2023,46,194.28,0,6140.559,0
USEP,18 Jan 2023,47,192.7,0,6012.08,0
USEP,18 Jan 2023,48,133.75,0,5861.285,0
USEP,19 Jan 2023,1,127.94,0,5715.162,0
USEP,19 Jan 2023,2,117.88,0,5605.032,0
USEP,19 Jan 2023,3,123.13,0,5567.886,0
USEP,19 Jan 2023,4,113.96,0,5505.016,0
USEP,19 Jan 2023,5,110.48,0,5449.342,0
USEP,19 Jan 2023,6,107.79,0,5379.916,0
USEP,19 Jan 2023,7,107.75,0,5330.434,0
USEP,19 Jan 2023,8,107.65,0,5316.747,0
USEP,19 Jan 2023,9,107.65,0,5314.327,0
USEP,19 Jan 2023,10,107.75,0,5325.435,0
USEP,19 Jan 2023,11,110.48,0,5422.568,0
USEP,19 Jan 2023,12,130.8,0,5578.497,0
USEP,19 Jan 2023,13,146.73,0,5765.613,0
USEP,19 Jan 2023,14,164.77,0,5940.502,0
USEP,19 Jan 2023,15,164.78,0,6135.107,0
USEP,19 Jan 2023,16,208.69,0,6345.612,0
USEP,19 Jan 2023,17,223.35,0,6544.431,0
USEP,19 Jan 2023,18,286.52,0,6663.96,0
USEP,19 Jan 2023,19,250.38,0,6708.993,0
USEP,19 Jan 2023,20,260.67,0,6743.738,0
USEP,19 Jan 2023,21,261.93,0,6767.758,0
USEP,19 Jan 2023,22,251.94,0,6751.834,0
USEP,19 Jan 2023,23,251.25,0,6736.373,0
USEP,19 Jan 2023,24,251.27,0,6721.602,0
USEP,19 Jan 2023,25,251.92,0,6713.799,0
USEP,19 Jan 2023,26,251.77,0,6746.154,0
USEP,19 Jan 2023,27,251.24,0,6756.263,0
USEP,19 Jan 2023,28,251.78,0,6784.189,0
USEP,19 Jan 2023,29,300.67,0,6841.245,0
USEP,19 Jan 2023,30,250.54,0,6813.184,0
USEP,19 Jan 2023,31,250.53,0,6809.139,0
USEP,19 Jan 2023,32,251.34,0,6839.321,0
USEP,19 Jan 2023,33,251.53,0,6834.913,0
USEP,19 Jan 2023,34,245.73,0,6814.427,0
USEP,19 Jan 2023,35,241.79,0,6759.772,0
USEP,19 Jan 2023,36,208.63,0,6679.496,0
USEP,19 Jan 2023,37,194.55,0,6617.709,0
USEP,19 Jan 2023,38,202.92,0,6634.493,0
USEP,19 Jan 2023,39,205.89,0,6659.338,0
USEP,19 Jan 2023,40,205.89,0,6644.771,0
USEP,19 Jan 2023,41,203,0,6590.046,0
USEP,19 Jan 2023,42,194.53,0,6534.849,0
USEP,19 Jan 2023,43,164.91,0,6462.496,0
USEP,19 Jan 2023,44,134,0,6331.497,0
USEP,19 Jan 2023,45,128.13,0,6184.082,0
USEP,19 Jan 2023,46,117.94,0,6054.066,0
USEP,19 Jan 2023,47,119.26,0,5937.624,0
USEP,19 Jan 2023,48,107.89,0,5805.243,0
USEP,20 Jan 2023,1,122.65,0,5693.538,0
USEP,20 Jan 2023,2,113.79,0,5594.48,0
USEP,20 Jan 2023,3,110.65,0,5526.869,0
USEP,20 Jan 2023,4,102.63,0,5466.906,0
USEP,20 Jan 2023,5,102.4,0,5384.896,0
USEP,20 Jan 2023,6,100.96,0,5318.983,0
USEP,20 Jan 2023,7,100.03,0,5290.202,0
USEP,20 Jan 2023,8,100.02,0,5284.536,0
USEP,20 Jan 2023,9,100.02,0,5289.149,0
USEP,20 Jan 2023,10,100.96,0,5307.185,0
USEP,20 Jan 2023,11,102.52,0,5392.708,0
USEP,20 Jan 2023,12,113.76,0,5545.879,0
USEP,20 Jan 2023,13,122.57,0,5729.212,0
USEP,20 Jan 2023,14,146.9,0,5901.259,0
USEP,20 Jan 2023,15,162.71,0,6082.44,0
USEP,20 Jan 2023,16,202.85,0,6285.504,0
USEP,20 Jan 2023,17,213.39,0,6485.249,0
USEP,20 Jan 2023,18,229.53,0,6606.835,0
USEP,20 Jan 2023,19,229.73,0,6662.002,0
USEP,20 Jan 2023,20,230.22,0,6689.734,0
USEP,20 Jan 2023,21,241.82,0,6691.976,0
USEP,20 Jan 2023,22,229.75,0,6682.677,0
USEP,20 Jan 2023,23,241.84,0,6682.175,0
USEP,20 Jan 2023,24,223.62,0,6642.196,0
USEP,20 Jan 2023,25,229.6,0,6643.126,0
USEP,20 Jan 2023,26,229.63,0,6642.653,0
USEP,20 Jan 2023,27,281.4,0,6741.462,0
USEP,20 Jan 2023,28,251.92,0,6755.925,0
USEP,20 Jan 2023,29,250.59,0,6722.288,0
USEP,20 Jan 2023,30,241.73,0,6707.199,0
USEP,20 Jan 2023,31,250.55,0,6721.463,0
USEP,20 Jan 2023,32,203.63,0,6692.03,0
USEP,20 Jan 2023,33,202.3,0,6665.824,0
USEP,20 Jan 2023,34,201.5,0,6620.736,0
USEP,20 Jan 2023,35,194.56,0,6583.729,0
USEP,20 Jan 2023,36,181.23,0,6509.368,0
USEP,20 Jan 2023,37,181.35,0,6510.347,0
USEP,20 Jan 2023,38,181.37,0,6531.196,0
USEP,20 Jan 2023,39,187.98,0,6538.005,0
USEP,20 Jan 2023,40,180.82,0,6492.241,0
USEP,20 Jan 2023,41,180.59,0,6450.25,0
USEP,20 Jan 2023,42,177.5,0,6403.1,0
USEP,20 Jan 2023,43,167.64,0,6348.693,0
USEP,20 Jan 2023,44,140.38,0,6235.526,0
USEP,20 Jan 2023,45,140.9,0,6106.858,0
USEP,20 Jan 2023,46,128.13,0,6000.067,0
USEP,20 Jan 2023,47,118.41,0,5890.658,0
USEP,20 Jan 2023,48,104.58,0,5721.986,0
USEP,21 Jan 2023,1,123.7,0,5575.018,0
USEP,21 Jan 2023,2,113.94,0,5485.841,0
USEP,21 Jan 2023,3,111.09,0,5441.27,0
USEP,21 Jan 2023,4,110.12,0,5340.866,0
USEP,21 Jan 2023,5,107.74,0,5288.701,0
USEP,21 Jan 2023,6,107.75,0,5268.757,0
USEP,21 Jan 2023,7,107.5,0,5222.426,0
USEP,21 Jan 2023,8,106.83,0,5188.074,0
USEP,21 Jan 2023,9,107.74,0,5184.068,0
USEP,21 Jan 2023,10,110.1,0,5197.233,0
USEP,21 Jan 2023,11,107.74,0,5226.094,0
USEP,21 Jan 2023,12,110.11,0,5293.487,0
USEP,21 Jan 2023,13,110.64,0,5368.097,0
USEP,21 Jan 2023,14,110.88,0,5434.789,0
USEP,21 Jan 2023,15,111.11,0,5505.771,0
USEP,21 Jan 2023,16,125.27,0,5632.948,0
USEP,21 Jan 2023,17,122.82,0,5755.23,0
USEP,21 Jan 2023,18,125.26,0,5793.107,0
USEP,21 Jan 2023,19,122.81,0,5806.088,0
USEP,21 Jan 2023,20,122.74,0,5832.25,0
USEP,21 Jan 2023,21,123.88,0,5890.32,0
USEP,21 Jan 2023,22,123.85,0,5889.584,0
USEP,21 Jan 2023,23,116.85,0,5865.057,0
USEP,21 Jan 2023,24,112.15,0,5802.246,0
USEP,21 Jan 2023,25,111.55,0,5755.961,0
USEP,40 Jan 2023,26,112.12,0,5793.256,0
USEP,21 Jan 2023,27,112.16,0,5832.33,0
USEP,21 Jan 2023,28,123.88,0,5887.149,0
USEP,21 Jan 2023,29,124.77,0,5906.214,0
USEP,21 Jan 2023,30,129.72,0,5972.032,0
USEP,21 Jan 2023,31,129.75,0,5958.165,0
USEP,21 Jan 2023,32,124.91,0,5880.539,0
USEP,21 Jan 2023,33,125.26,0,5878.839,0
USEP,21 Jan 2023,34,127.34,0,5936.839,0
USEP,21 Jan 2023,35,154.58,0,6060.015,0
USEP,21 Jan 2023,36,201.11,0,6130.197,0
USEP,21 Jan 2023,37,194.25,0,6126.887,0
USEP,21 Jan 2023,38,150.3,0,6135.356,0
USEP,21 Jan 2023,39,154.6,0,6152.582,0
USEP,21 Jan 2023,40,150.3,0,6138.392,0
USEP,21 Jan 2023,41,150.31,0,6132.99,0
USEP,21 Jan 2023,42,142.73,0,6110.143,0
USEP,21 Jan 2023,43,142.72,0,6051.711,0
USEP,21 Jan 2023,44,127.41,0,5996.061,0
USEP,21 Jan 2023,45,127.41,0,5974.124,0
USEP,21 Jan 2023,46,201.28,0,5946.893,0
USEP,21 Jan 2023,47,201.22,0,5891.617,0
USEP,21 Jan 2023,48,201.24,0,5838.13,0
USEP,22 Jan 2023,1,253.02,0,5765.061,0
USEP,22 Jan 2023,2,252.1,0,5677.077,0
USEP,22 Jan 2023,3,157.11,0,5534.965,0
USEP,22 Jan 2023,4,126.88,0,5422.509,0
USEP,22 Jan 2023,5,116.88,0,5358.664,0
USEP,22 Jan 2023,6,111.87,0,5293.636,0
USEP,22 Jan 2023,7,111.85,0,5246.526,0
USEP,22 Jan 2023,8,111.84,0,5195.727,0
USEP,22 Jan 2023,9,111.84,0,5166.131,0
USEP,22 Jan 2023,10,111.84,0,5163.865,0
USEP,22 Jan 2023,11,111.84,0,5188.66,0
USEP,22 Jan 2023,12,111.84,0,5233.609,0
USEP,22 Jan 2023,13,111.85,0,5277.444,0
USEP,22 Jan 2023,14,111.91,0,5316.205,0
USEP,22 Jan 2023,15,112.03,0,5357.074,0
USEP,22 Jan 2023,16,116.86,0,5406.172,0
USEP,22 Jan 2023,17,112.23,0,5457.323,0
USEP,22 Jan 2023,18,112.27,0,5495.647,0
USEP,22 Jan 2023,19,112.18,0,5520.92,0
USEP,22 Jan 2023,20,112.17,0,5545.859,0
USEP,22 Jan 2023,21,112.22,0,5551.609,0
USEP,22 Jan 2023,22,111.52,0,5544.691,0
USEP,22 Jan 2023,23,107.71,0,5526.898,0
USEP,22 Jan 2023,24,107.21,0,5488.177,0
USEP,22 Jan 2023,25,107.55,0,5506.338,0
USEP,22 Jan 2023,26,111.44,0,5551.122,0
USEP,22 Jan 2023,27,111.49,0,5577.558,0
USEP,22 Jan 2023,28,107.51,0,5510.135,0
USEP,22 Jan 2023,29,107.06,0,5512.938,0
USEP,22 Jan 2023,30,112.12,0,5638.505,0
USEP,22 Jan 2023,31,112.23,0,5677.186,0
USEP,22 Jan 2023,32,112.18,0,5685.71,0
USEP,22 Jan 2023,33,112.24,0,5703.676,0
USEP,22 Jan 2023,34,111.64,0,5693.443,0
USEP,22 Jan 2023,35,111.69,0,5697.618,0
USEP,22 Jan 2023,36,110.77,0,5715.843,0
USEP,22 Jan 2023,37,113.48,0,5751.016,0
USEP,22 Jan 2023,38,114.39,0,5831.162,0
USEP,22 Jan 2023,39,119.73,0,5901.363,0
USEP,22 Jan 2023,40,114.49,0,5924.489,0
USEP,22 Jan 2023,41,113.05,0,5916.01,0
USEP,22 Jan 2023,42,113.12,0,5906.696,0
USEP,22 Jan 2023,43,113.17,0,5915.309,0
USEP,22 Jan 2023,44,114.57,0,5889.922,0
USEP,22 Jan 2023,45,124.88,0,5834.656,0
USEP,22 Jan 2023,46,127.26,0,5766.895,0
USEP,22 Jan 2023,47,127.25,0,5684.06,0
USEP,22 Jan 2023,48,120.68,0,5590.569,0
USEP,23 Jan 2023,1,111.89,0,5491.398,0
USEP,23 Jan 2023,2,111.87,0,5403.732,0
USEP,23 Jan 2023,3,110.89,0,5308.715,0
USEP,23 Jan 2023,4,107.16,0,5239.787,0
USEP,23 Jan 2023,5,106.94,0,5190.524,0
USEP,23 Jan 2023,6,104.32,0,5141.997,0
USEP,23 Jan 2023,7,102.67,0,5103.305,0
USEP,23 Jan 2023,8,101.3,0,5064.768,0
USEP,23 Jan 2023,9,96.7,0,5053.904,0
USEP,23 Jan 2023,10,101.3,0,5064.455,0
USEP,23 Jan 2023,11,102.86,0,5097.49,0
USEP,23 Jan 2023,12,106.92,0,5144.437,0
USEP,23 Jan 2023,13,106.93,0,5200.678,0
USEP,23 Jan 2023,14,107.02,0,5250.74,0
USEP,23 Jan 2023,15,107.7,0,5293.721,0
USEP,23 Jan 2023,16,111.27,0,5376.203,0
USEP,23 Jan 2023,17,111.44,0,5462.472,0
USEP,23 Jan 2023,18,112.12,0,5528.727,0
USEP,23 Jan 2023,19,112.15,0,5587.264,0
USEP,23 Jan 2023,20,112.78,0,5650.463,0
USEP,23 Jan 2023,21,112.34,0,5684.438,0
USEP,23 Jan 2023,22,112.26,0,5694.909,0
USEP,23 Jan 2023,23,112.33,0,5689.686,0
USEP,23 Jan 2023,24,112.36,0,5686.838,0
USEP,23 Jan 2023,25,112.78,0,5722.637,0
USEP,23 Jan 2023,26,120.64,0,5729.391,0
USEP,23 Jan 2023,27,121.14,0,5760.22,0
USEP,23 Jan 2023,28,125.67,0,5802.321,0
USEP,23 Jan 2023,29,122.86,0,5781.233,0
USEP,23 Jan 2023,30,120.64,0,5761.299,0
USEP,23 Jan 2023,31,120.63,0,5755.016,0
USEP,23 Jan 2023,32,123.15,0,5802.654,0
USEP,23 Jan 2023,33,123.15,0,5818.001,0
USEP,23 Jan 2023,34,123.15,0,5823.965,0
USEP,23 Jan 2023,35,123.14,0,5806.521,0
USEP,23 Jan 2023,36,121.65,0,5819.055,0
USEP,23 Jan 2023,37,125.72,0,5864.302,0
USEP,23 Jan 2023,38,127.32,0,5913.709,0
USEP,23 Jan 2023,39,131.91,0,5977.926,0
USEP,23 Jan 2023,40,138.17,0,6019.684,0
USEP,23 Jan 2023,41,132.42,0,6007.314,0
USEP,23 Jan 2023,42,131.98,0,6000.286,0
USEP,23 Jan 2023,43,131.92,0,5976.574,0
USEP,23 Jan 2023,44,119.12,0,5793.753,0
USEP,23 Jan 2023,45,112.45,0,5701.331,0
USEP,23 Jan 2023,46,112.32,0,5604.694,0
USEP,23 Jan 2023,47,111.55,0,5509.121,0
USEP,23 Jan 2023,48,112.07,0,5528.578,0
USEP,24 Jan 2023,1,124.92,0,5552.171,0
USEP,24 Jan 2023,2,115.34,0,5470.588,0
USEP,24 Jan 2023,3,109.92,0,5264.1,0
USEP,24 Jan 2023,4,106.33,0,5193.019,0
USEP,24 Jan 2023,5,106.32,0,5143.344,0
USEP,24 Jan 2023,6,104.31,0,5095.483,0
USEP,24 Jan 2023,7,98.15,0,5060.051,0
USEP,24 Jan 2023,8,95.15,0,5029.749,0
USEP,24 Jan 2023,9,95.14,0,5017.155,0
USEP,24 Jan 2023,10,95.65,0,5027.826,0
USEP,24 Jan 2023,11,101.3,0,5058.247,0
USEP,24 Jan 2023,12,104.87,0,5103.872,0
USEP,24 Jan 2023,13,106.32,0,5161.499,0
USEP,24 Jan 2023,14,106.32,0,5214.922,0
USEP,24 Jan 2023,15,106.62,0,5264.388,0
USEP,24 Jan 2023,16,109.91,0,5343.177,0
USEP,24 Jan 2023,17,111.58,0,5432.901,0
USEP,24 Jan 2023,18,112.07,0,5512.948,0
USEP,24 Jan 2023,19,112.24,0,5588.705,0
USEP,24 Jan 2023,20,117.08,0,5667.246,0
USEP,24 Jan 2023,21,115.07,0,5730.996,0
USEP,24 Jan 2023,22,115,0,5742.05,0
USEP,24 Jan 2023,23,114.99,0,5748.754,0
USEP,24 Jan 2023,24,115.36,0,5766.681,0
USEP,24 Jan 2023,25,124.76,0,5796.74,0
USEP,24 Jan 2023,26,125.74,0,5805.606,0
USEP,24 Jan 2023,27,126.23,0,5811.381,0
USEP,24 Jan 2023,28,129.61,0,5832.459,0
USEP,24 Jan 2023,29,127.03,0,5833.697,0
USEP,24 Jan 2023,30,126.18,0,5811.903,0
USEP,24 Jan 2023,31,125.67,0,5810.298,0
USEP,24 Jan 2023,32,126.98,0,5847.409,0
USEP,24 Jan 2023,33,145.52,0,5873.884,0
USEP,24 Jan 2023,34,132.97,0,5873.924,0
USEP,24 Jan 2023,35,126.99,0,5861.374,0
USEP,24 Jan 2023,36,131.88,0,5890.996,0
USEP,24 Jan 2023,37,145.55,0,5939.463,0
USEP,24 Jan 2023,38,154.56,0,5999.928,0
USEP,24 Jan 2023,39,185.35,0,6064.573,0
USEP,24 Jan 2023,40,194.22,0,6099.259,0
USEP,24 Jan 2023,41,185.35,0,6078.757,0
USEP,24 Jan 2023,42,166.15,0,6050.98,0
USEP,24 Jan 2023,43,150.07,0,5985.938,0
USEP,24 Jan 2023,44,130.74,0,5904.728,0
USEP,24 Jan 2023,45,126.69,0,5802.614,0
USEP,24 Jan 2023,46,115.09,0,5677.996,0
USEP,24 Jan 2023,47,112.16,0,5551.361,0
USEP,24 Jan 2023,48,106.99,0,5384.225,0
USEP,25 Jan 2023,1,95.78,0,5212.501,0
USEP,25 Jan 2023,2,91.68,0,5114.418,0
USEP,25 Jan 2023,3,95.67,0,5109.652,0
USEP,25 Jan 2023,4,87.44,0,5050.087,0
USEP,25 Jan 2023,5,87.42,0,5001.127,0
USEP,25 Jan 2023,6,87.22,0,4958.335,0
USEP,25 Jan 2023,7,87.22,0,4943.54,0
USEP,25 Jan 2023,8,87.21,0,4936.428,0
USEP,25 Jan 2023,9,87.22,0,4943.575,0
USEP,25 Jan 2023,10,87.22,0,4962.038,0
USEP,25 Jan 2023,11,95.67,0,5056.085,0
USEP,25 Jan 2023,12,96.58,0,5215.851,0
USEP,25 Jan 2023,13,106.54,0,5403.623,0
USEP,25 Jan 2023,14,110.5,0,5587.413,0
USEP,25 Jan 2023,15,112.74,0,5789.941,0
USEP,25 Jan 2023,16,122.93,0,6000.44,0
USEP,25 Jan 2023,17,137.29,0,6209.513,0
USEP,25 Jan 2023,18,201.53,0,6355.656,0
USEP,25 Jan 2023,19,201.53,0,6429.808,0
USEP,25 Jan 2023,20,207.54,0,6467.849,0
USEP,25 Jan 2023,21,207.89,0,6490.964,0
USEP,25 Jan 2023,22,207.9,0,6502.803,0
USEP,25 Jan 2023,23,251.74,0,6520.968,0
USEP,25 Jan 2023,24,285.86,0,6504.02,0
USEP,25 Jan 2023,25,207.9,0,6480.214,0
USEP,25 Jan 2023,26,207.9,0,6493.126,0
USEP,25 Jan 2023,27,284.54,0,6569.803,0
USEP,25 Jan 2023,28,287.55,0,6575.817,0
USEP,25 Jan 2023,29,308.76,0,6546.474,0
USEP,25 Jan 2023,30,302.18,0,6507.937,0
USEP,25 Jan 2023,31,302.27,0,6517.951,0
USEP,25 Jan 2023,32,302.2,15.92,6517.092,9
USEP,25 Jan 2023,33,207.68,0,6512.693,0
USEP,25 Jan 2023,34,207.69,0,6498.275,0
USEP,25 Jan 2023,35,201.66,0,6458.704,0
USEP,25 Jan 2023,36,199.19,0,6374.438,0
USEP,25 Jan 2023,37,137.31,0,6326.189,0
USEP,25 Jan 2023,38,150.56,0,6345.9,0
USEP,25 Jan 2023,39,179.12,0,6380.073,0
USEP,25 Jan 2023,40,179.11,0,6371.664,0
USEP,25 Jan 2023,41,169.04,0,6336.979,0
USEP,25 Jan 2023,42,149.89,0,6278.357,0
USEP,25 Jan 2023,43,158.99,0,6204.742,0
USEP,25 Jan 2023,44,128.18,0,6067.898,0
USEP,25 Jan 2023,45,122.76,0,5905.13,0
USEP,25 Jan 2023,46,112.2,0,5745.837,0
USEP,25 Jan 2023,47,111.46,0,5602.626,0
USEP,25 Jan 2023,48,104.88,0,5392.788,0
USEP,26 Jan 2023,1,95.68,0,5207.496,0
USEP,26 Jan 2023,2,87.43,0,5109.861,0
USEP,26 Jan 2023,3,95.34,0,5175.44,0
USEP,26 Jan 2023,4,91.68,0,5101.153,0
USEP,26 Jan 2023,5,87.42,0,5041.762,0
USEP,26 Jan 2023,6,87.41,0,5008.13,0
USEP,26 Jan 2023,7,87.41,0,4987.778,0
USEP,26 Jan 2023,8,87.41,0,4981.312,0
USEP,26 Jan 2023,9,87.41,0,4990.104,0
USEP,26 Jan 2023,10,87.41,0,5010.252,0
USEP,26 Jan 2023,11,97.54,0,5106.387,0
USEP,26 Jan 2023,12,99.39,0,5264.522,0
USEP,26 Jan 2023,13,100.5,0,5448.666,0
USEP,26 Jan 2023,14,106.38,0,5623.386,0
USEP,26 Jan 2023,15,112.64,0,5828.408,0
USEP,26 Jan 2023,16,127.35,0,6045.185,0
USEP,26 Jan 2023,17,201.57,0,6254.815,0
USEP,26 Jan 2023,18,1008.45,0,6390.267,0
USEP,26 Jan 2023,19,563.69,0,6462.685,0
USEP,26 Jan 2023,20,446.14,0,6510.128,0
USEP,26 Jan 2023,21,352.81,4500,6505.48,35
USEP,26 Jan 2023,22,335.99,3443.66,6494.076,43
USEP,26 Jan 2023,23,312.63,2466.06,6476.805,43
USEP,26 Jan 2023,24,267.91,4500,6453.276,17.068
USEP,26 Jan 2023,25,259.34,0,6411.837,0
USEP,26 Jan 2023,26,259.39,0,6410.52,0
USEP,26 Jan 2023,27,308.82,205,6447.396,35
USEP,26 Jan 2023,28,268.47,2640.77,6456.012,31.27
USEP,26 Jan 2023,29,278.26,0,6458.102,0
USEP,26 Jan 2023,30,259.35,0,6449.862,0
USEP,26 Jan 2023,31,322.72,4500,6472.318,8
USEP,26 Jan 2023,32,278.38,996.41,6478.436,8
USEP,26 Jan 2023,33,266.27,4500,6467.852,0.349
USEP,26 Jan 2023,34,281.97,0,6490.601,0
USEP,26 Jan 2023,35,281.97,0,6485.577,0
USEP,26 Jan 2023,36,231.35,0,6403.343,0
USEP,26 Jan 2023,37,207.62,0,6360.81,0
USEP,26 Jan 2023,38,209.69,0,6394.531,0
USEP,26 Jan 2023,39,251.63,0,6429.783,0
USEP,26 Jan 2023,40,251.63,0,6419.565,0
USEP,26 Jan 2023,41,262,0,6403.552,0
USEP,26 Jan 2023,42,253.94,0,6365.665,0
USEP,26 Jan 2023,43,256.36,0,6297.184,0
USEP,26 Jan 2023,44,201.47,0,6161.895,0
USEP,26 Jan 2023,45,166.91,0,6003.606,0
USEP,26 Jan 2023,46,136.6,0,5861.673,0
USEP,26 Jan 2023,47,131.93,0,5728.884,0
USEP,26 Jan 2023,48,105.73,0,5536.958,0
USEP,27 Jan 2023,1,106.52,0,5359.434,0
USEP,27 Jan 2023,2,106.41,0,5253.991,0
USEP,27 Jan 2023,3,106.51,0,5251.168,0
USEP,27 Jan 2023,4,106.5,0,5195.325,0
USEP,27 Jan 2023,5,106.49,0,5151.266,0
USEP,27 Jan 2023,6,106.3,0,5107.306,0
USEP,27 Jan 2023,7,76.19,0,5052.427,0
USEP,27 Jan 2023,8,79.88,0,5051.428,0
USEP,27 Jan 2023,9,86.38,0,5050.837,0
USEP,27 Jan 2023,10,106.48,0,5077.009,0
USEP,27 Jan 2023,11,106.4,0,5165.023,0
USEP,27 Jan 2023,12,108.12,0,5319.197,0
USEP,27 Jan 2023,13,111.1,0,5519.642,0
USEP,27 Jan 2023,14,111.45,0,5676.297,0
USEP,27 Jan 2023,15,112.86,0,5887.462,0
USEP,27 Jan 2023,16,126.87,0,6096.182,0
USEP,27 Jan 2023,17,165.95,0,6311.507,0
USEP,27 Jan 2023,18,194.15,0,6421.881,0
USEP,27 Jan 2023,19,188.03,0,6481.809,0
USEP,27 Jan 2023,20,194.2,0,6505.591,0
USEP,27 Jan 2023,21,201.18,0,6517.29,0
USEP,27 Jan 2023,22,201.21,0,6511.783,0
USEP,27 Jan 2023,23,201.21,0,6496.873,0
USEP,27 Jan 2023,24,200.98,0,6482.55,0
USEP,27 Jan 2023,25,150.07,0,6428.407,0
USEP,27 Jan 2023,26,136.84,0,6405.048,0
USEP,27 Jan 2023,27,150.29,0,6437.417,0
USEP,27 Jan 2023,28,181.11,0,6461.512,0
USEP,27 Jan 2023,29,201.45,0,6510.228,0
USEP,27 Jan 2023,30,207.59,0,6551.996,0
USEP,27 Jan 2023,31,207.67,0,6571.801,0
USEP,27 Jan 2023,32,207.89,0,6593.52,0
USEP,27 Jan 2023,33,207.89,0,6591.815,0
USEP,27 Jan 2023,34,207.6,0,6577.427,0
USEP,27 Jan 2023,35,201.47,0,6549.382,0
USEP,27 Jan 2023,36,140.77,0,6479.379,0
USEP,27 Jan 2023,37,140.72,0,6463.902,0
USEP,27 Jan 2023,38,166.28,0,6484.94,0
USEP,27 Jan 2023,39,190.74,0,6502.405,0
USEP,27 Jan 2023,40,181.13,0,6484.041,0
USEP,27 Jan 2023,41,166.29,0,6448.451,0
USEP,27 Jan 2023,42,140.76,0,6394.094,0
USEP,27 Jan 2023,43,182.16,0,6327.247,0
USEP,27 Jan 2023,44,140.3,0,6200.701,0
USEP,27 Jan 2023,45,127.46,0,6062.635,0
USEP,27 Jan 2023,46,117.39,0,5932.252,0
USEP,27 Jan 2023,47,111.88,0,5817.33,0
USEP,27 Jan 2023,48,111.15,0,5656.541,0
USEP,28 Jan 2023,1,110.52,0,5524.11,0
USEP,28 Jan 2023,2,106.56,0,5409.129,0
USEP,28 Jan 2023,3,106.63,0,5396.197,0
USEP,28 Jan 2023,4,106.47,0,5319.858,0
USEP,28 Jan 2023,5,106.26,0,5241.168,0
USEP,28 Jan 2023,6,95.56,0,5171.25,0
USEP,28 Jan 2023,7,89.95,0,5128.856,0
USEP,28 Jan 2023,8,89.45,0,5106.337,0
USEP,28 Jan 2023,9,86.31,0,5091.308,0
USEP,28 Jan 2023,10,89.45,0,5107.55,0
USEP,28 Jan 2023,11,95.56,0,5145.68,0
USEP,28 Jan 2023,12,106.25,0,5227.754,0
USEP,28 Jan 2023,13,106.26,0,5309.66,0
USEP,28 Jan 2023,14,106.33,0,5387.376,0
USEP,28 Jan 2023,15,110.93,0,5494.186,0
USEP,28 Jan 2023,16,111.65,0,5651.481,0
USEP,28 Jan 2023,17,121.86,0,5849.456,0
USEP,28 Jan 2023,18,141.73,0,5965.392,0
USEP,28 Jan 2023,19,151.2,0,6046.278,0
USEP,28 Jan 2023,20,152.37,0,6110.019,0
USEP,28 Jan 2023,21,153.64,0,6154.386,0
USEP,28 Jan 2023,22,194.16,0,6204.702,0
USEP,28 Jan 2023,23,194.19,0,6217.912,0
USEP,28 Jan 2023,24,153.64,0,6172.139,0
USEP,28 Jan 2023,25,153.63,0,6146.001,0
USEP,28 Jan 2023,26,150.21,0,6121.668,0
USEP,28 Jan 2023,27,151.69,0,6130.217,0
USEP,28 Jan 2023,28,141.65,0,6101.505,0
USEP,28 Jan 2023,29,150.03,0,6102.554,0
USEP,28 Jan 2023,30,150.05,0,6070.358,0
USEP,28 Jan 2023,31,137.72,0,6046.383,0
USEP,28 Jan 2023,32,131.38,0,6017.229,0
USEP,28 Jan 2023,33,126.78,0,5999.978,0
USEP,28 Jan 2023,34,124.21,0,5988.338,0
USEP,28 Jan 2023,35,117.06,0,5956.147,0
USEP,28 Jan 2023,36,117.08,0,5953.434,0
USEP,28 Jan 2023,37,117.09,0,5994.988,0
USEP,28 Jan 2023,38,115.61,0,6059.404,0
USEP,28 Jan 2023,39,124.94,0,6089.184,0
USEP,28 Jan 2023,40,126.61,0,6092.842,0
USEP,28 Jan 2023,41,124.94,0,6078.901,0
USEP,28 Jan 2023,42,115.6,0,6074.821,0
USEP,28 Jan 2023,43,111.98,0,6029.097,0
USEP,28 Jan 2023,44,111.8,0,5927.828,0
USEP,28 Jan 2023,45,111.48,0,5816.913,0
USEP,28 Jan 2023,46,111.35,0,5714.436,0
USEP,28 Jan 2023,47,106.68,0,5613.367,0
USEP,28 Jan 2023,48,106.3,0,5484.678,0
USEP,29 Jan 2023,1,91.38,0,5357.839,0
USEP,29 Jan 2023,2,95.9,0,5261.883,0
USEP,29 Jan 2023,3,99.34,0,5250.373,0
USEP,29 Jan 2023,4,91.36,0,5186.106,0
USEP,29 Jan 2023,5,89.15,0,5109.657,0
USEP,29 Jan 2023,6,86.2,0,5054.778,0
USEP,29 Jan 2023,7,85.08,0,5017.583,0
USEP,29 Jan 2023,8,84.56,0,4980.213,0
USEP,29 Jan 2023,9,84.05,0,4965.194,0
USEP,29 Jan 2023,10,84.79,0,4985.253,0
USEP,29 Jan 2023,11,85.91,0,5016.857,0
USEP,29 Jan 2023,12,86.31,0,5077.123,0
USEP,29 Jan 2023,13,87.74,0,5138.394,0
USEP,29 Jan 2023,14,88.46,0,5190.345,0
USEP,29 Jan 2023,15,90.22,0,5221.78,0
USEP,29 Jan 2023,16,99.34,0,5321.856,0
USEP,29 Jan 2023,17,106.28,0,5434.586,0
USEP,29 Jan 2023,18,106.56,0,5561.768,0
USEP,29 Jan 2023,19,110.96,0,5636.035,0
USEP,29 Jan 2023,20,111,0,5684.149,0
USEP,29 Jan 2023,21,111.21,0,5756.796,0
USEP,29 Jan 2023,22,111.99,0,5824.358,0
USEP,29 Jan 2023,23,112.1,0,5844.496,0
USEP,29 Jan 2023,24,111.99,0,5815.745,0
USEP,29 Jan 2023,25,111.23,0,5791.109,0
USEP,29 Jan 2023,26,111.14,0,5790.771,0
USEP,29 Jan 2023,27,111.2,0,5794.891,0
USEP,29 Jan 2023,28,111.05,0,5781.447,0
USEP,29 Jan 2023,29,111.18,0,5761.254,0
USEP,29 Jan 2023,30,111.21,0,5748.382,0
USEP,29 Jan 2023,31,110.47,0,5733.476,0
USEP,29 Jan 2023,32,110.47,0,5738.705,0
USEP,29 Jan 2023,33,110.48,0,5746.075,0
USEP,29 Jan 2023,34,109.74,0,5738.392,0
USEP,29 Jan 2023,35,111.46,0,5773.704,0
USEP,29 Jan 2023,36,107.36,0,5785.955,0
USEP,29 Jan 2023,37,111.55,0,5855.386,0
USEP,29 Jan 2023,38,111.75,0,5935.795,0
USEP,29 Jan 2023,39,112.15,0,6007.12,0
USEP,29 Jan 2023,40,120.7,0,6063.907,0
USEP,29 Jan 2023,41,124.17,0,6088.066,0
USEP,29 Jan 2023,42,126.78,0,6093.772,0
USEP,29 Jan 2023,43,121.06,0,6048.107,0
USEP,29 Jan 2023,44,112.96,0,5952.301,0
USEP,29 Jan 2023,45,112.06,0,5818.399,0
USEP,29 Jan 2023,46,111.41,0,5692.921,0
USEP,29 Jan 2023,47,106.59,0,5564.74,0
USEP,29 Jan 2023,48,106.66,0,5536.118,0
USEP,30 Jan 2023,1,110.5,0,5508.668,0
USEP,30 Jan 2023,2,106.54,0,5399.11,0
USEP,30 Jan 2023,3,97.38,0,5235.93,0
USEP,30 Jan 2023,4,91.37,0,5164.506,0
USEP,30 Jan 2023,5,85.98,0,5126.789,0
USEP,30 Jan 2023,6,79.35,0,5081.373,0
USEP,30 Jan 2023,7,78.81,0,5069.007,0
USEP,30 Jan 2023,8,78.81,0,5058.456,0
USEP,30 Jan 2023,9,78.81,0,5066.04,0
USEP,30 Jan 2023,10,79.35,0,5100,0
USEP,30 Jan 2023,11,85.99,0,5183.362,0
USEP,30 Jan 2023,12,104.33,0,5356.418,0
USEP,30 Jan 2023,13,106.46,0,5556.371,0
USEP,30 Jan 2023,14,110.58,0,5772.193,0
USEP,30 Jan 2023,15,115.43,0,6009.212,0
USEP,30 Jan 2023,16,150.01,0,6247.717,0
USEP,30 Jan 2023,17,140.77,0,6470.682,0
USEP,30 Jan 2023,18,201.61,0,6628.747,0
USEP,30 Jan 2023,19,201.6,0,6708.372,0
USEP,30 Jan 2023,20,207.71,0,6753.519,0
USEP,30 Jan 2023,21,201.61,0,6746.377,0
USEP,30 Jan 2023,22,197.38,0,6731.284,0
USEP,30 Jan 2023,23,194.27,0,6715.727,0
USEP,30 Jan 2023,24,194.22,0,6700.271,0
USEP,30 Jan 2023,25,150.11,0,6632.097,0
USEP,30 Jan 2023,26,150.28,0,6641.307,0
USEP,30 Jan 2023,27,194.23,0,6696.17,0
USEP,30 Jan 2023,28,201.55,0,6750.572,0
USEP,30 Jan 2023,29,199.87,0,6718.262,0
USEP,30 Jan 2023,30,151.21,0,6653.17,0
USEP,30 Jan 2023,31,140.77,0,6697.02,0
USEP,30 Jan 2023,32,140.41,0,6685.684,0
USEP,30 Jan 2023,33,151.24,0,6749.508,0
USEP,30 Jan 2023,34,150.31,0,6755.855,0
USEP,30 Jan 2023,35,124.65,0,6691.653,0
USEP,30 Jan 2023,36,116.68,0,6620.974,0
USEP,30 Jan 2023,37,116.68,0,6606.323,0
USEP,30 Jan 2023,38,117.4,0,6625.368,0
USEP,30 Jan 2023,39,118.59,0,6633.056,0
USEP,30 Jan 2023,40,118.51,0,6624.881,0
USEP,30 Jan 2023,41,194.34,0,6591.204,0
USEP,30 Jan 2023,42,150.33,0,6538.989,0
USEP,30 Jan 2023,43,140.89,0,6450.916,0
USEP,30 Jan 2023,44,201.46,0,6310.349,0
USEP,30 Jan 2023,45,162.23,0,6142.85,0
USEP,30 Jan 2023,46,124.62,0,5972.499,0
USEP,30 Jan 2023,47,111.97,0,5822.355,0
USEP,30 Jan 2023,48,106.67,0,5620.17,0
USEP,31 Jan 2023,1,104.38,0,5432.752,0
USEP,31 Jan 2023,2,97.98,0,5319.157,0
USEP,31 Jan 2023,3,106.62,0,5319.441,0
USEP,31 Jan 2023,4,106.57,0,5254.672,0
USEP,31 Jan 2023,5,103.76,0,5188.879,0
USEP,31 Jan 2023,6,98.67,0,5148.895,0
USEP,31 Jan 2023,7,98.67,0,5134.562,0
USEP,31 Jan 2023,8,98.68,0,5125.621,0
USEP,31 Jan 2023,9,97.53,0,5134.502,0
USEP,31 Jan 2023,10,102.52,0,5159.521,0
USEP,31 Jan 2023,11,106.51,0,5251.322,0
USEP,31 Jan 2023,12,106.62,0,5418.19,0
USEP,31 Jan 2023,13,111.25,0,5612.949,0
USEP,31 Jan 2023,14,112.08,0,5807.877,0
USEP,31 Jan 2023,15,120.66,0,6015.643,0
USEP,31 Jan 2023,16,140.34,0,6253.975,0
USEP,31 Jan 2023,17,155.05,0,6463.251,0
USEP,31 Jan 2023,18,207.78,0,6594.559,0
USEP,31 Jan 2023,19,207.79,0,6652.743,0
USEP,31 Jan 2023,20,151.16,0,6693.348,0
USEP,31 Jan 2023,21,202.48,0,6716.383,0
USEP,31 Jan 2023,22,201.61,0,6708.203,0
USEP,31 Jan 2023,23,140.81,0,6689.724,0
USEP,31 Jan 2023,24,131.31,0,6666.41,0
USEP,31 Jan 2023,25,130.8,0,6649.701,0
USEP,31 Jan 2023,26,140.78,0,6680.008,0
USEP,31 Jan 2023,27,146.79,0,6716.453,0
USEP,31 Jan 2023,28,150.28,0,6755.567,0
USEP,31 Jan 2023,29,150.32,0,6760.413,0
USEP,31 Jan 2023,30,151.78,0,6755.075,0
USEP,31 Jan 2023,31,201.59,0,6768.096,0
USEP,31 Jan 2023,32,194.21,0,6755.274,0
USEP,31 Jan 2023,33,130.83,0,6712.025,0
USEP,31 Jan 2023,34,125.76,0,6676.614,0
USEP,31 Jan 2023,35,121.39,0,6642.788,0
USEP,31 Jan 2023,36,116.8,0,6584.524,0
USEP,31 Jan 2023,37,116.31,0,6550.927,0
USEP,31 Jan 2023,38,116.32,0,6556.121,0
USEP,31 Jan 2023,39,117.41,0,6572.999,0
USEP,31 Jan 2023,40,116.86,0,6546.887,0
USEP,31 Jan 2023,41,126.97,0,6516.957,0
USEP,31 Jan 2023,42,117.94,0,6462.789,0
USEP,31 Jan 2023,43,115.18,0,6379.621,0
USEP,31 Jan 2023,44,154.37,0,6247.071,0
USEP,31 Jan 2023,45,123.62,0,6071.138,0
USEP,31 Jan 2023,46,112.71,0,5923.157,0
USEP,31 Jan 2023,47,112.05,0,5768.719,0
USEP,31 Jan 2023,48,106.8,0,5631.094,0
